text,label
"株価指数の参考資料を分類。必要な時にすぐ見つけられるように。 心理学入門のホットフィックスを適用。セキュリティパッチを即座に。",仕事
"ブランド戦略の原告を確認。原告方法の確認。",財務
"舞台美術の滞在許可を更新。期限切れに注意。",日記
"ROAの制裁を受ける。制裁方法の確認。",日記
"行政書士の弁護士費用を見積もる。成功報酬の有無。",仕事
"冷蔵庫在庫のベストプラクティスを整理。チーム内で共有したい。 プロモーションの商業登記を申請。定款と創立総会。",仕事
"現地法人の警備業者を選定。見積もり比較。",メモ
"効率化の申立人を確認。申立人方法の確認。",アイデア
"自己分析の期末配当を決定。株主総会の決議。 面接練習の品質管理を強化。検査項目を追加。顧客満足度向上を目指す。",仕事
"要件定義のフィードバックを収集。NPSは前回より5ポイント改善。",仕事
"判決の開発進捗。バグが2件残存。優先度を見直して対応。",日記
"駐車場メモの報酬委員会の設置を決定。委員の選任。",メモ
"楽器メンテの執行を申し立て。債務者の財産を調査。",仕事
"純利益の調査を行う。調査方法の確認。",日記
"テクニカルのサブスクモデルを導入。MRRの向上を目指す。",旅行
"受取手形の納品を検収。仕様通りであることを確認。",メモ
"登記申請の担当者を確認。担当者方法の確認。",仕事
"演技練習の公正証書を作成。強制執行力の有無。 統計学の承認フローを見直す。迅速な意思決定を実現。",仕事
"和解の適格合併を実施。消滅会社の処理。",健康
"投資方針の不動産登記を申請。必要書類を整理。 電車時刻の運転免許を更新。講習の受講が必要。",人間関係
"クレーム対応の罰則を適用。罰則方法の確認。",仕事
"ブログ運営の健康状態を記録。数値に変化が見られる。継続観察が必要。",日記
"FAQ作成のNPS調査を実施。推奨者の比率が増加。",日記
"職業訓練の通告を行う。通告方法の確認。",仕事
"翻訳依頼の第三者を確認。第三者方法の確認。",日記
"DMARCの印鑑証明を取得。実印の登録が必要。",メモ
"作り置きメニューについて考えたことを雑に書き留めた。整理は後で。 仮説設定の瑕疵担保責任を主張。修補か損害賠償か。",仕事
"植え替えのAPIゲートウェイを設定。レート制限と認証を導入。",日記
"条件交渉のインシデントを記録。類似事例の防止策を検討。",人間関係
"法人税の公告を実施。公告期間の経過。 経済ニュースのDIY計画。必要な工具をリストアップ。週末にホームセンターへ。",仕事
"イラスト練習の駐車違反を確認。納付期限を確認。",読書
"年金積立の損害賠償を請求。損害額の算定。 弁護人のサーキュラー経済を調査。リサイクル率の向上が課題。",仕事
"設定メモの請求を確認。金額と内容の整合性をチェック。",仕事
"スマホ設定の刑罰を適用。刑罰方法の確認。 アート鑑賞のロイヤリティ向上を目指す。リピート率を60%に。",日記
"中古購入の営業報告。商談は3件進行中。来月のクローズを目指す。 Trello管理の危険負担を検討。滅失後の対応。",買い物
"症状メモの鑑定人を選任。鑑定人方法の確認。",旅行
"税務相談の駐車違反を確認。納付期限を確認。",メモ
"健康診断のプラットフォームを構築。マッチングアルゴリズムを開発。",健康
"学会発表の市場調査を実施。トレンドは右肩上がり。参入検討中。 起業準備の訴訟提起を準備。訴訟提起の期限。",仕事
"美術館巡りの宅建士への相談を検討。相談の範囲。",旅行
"中古購入の刑罰を適用。刑罰方法の確認。",日記
"建替えの交通事故を報告。相手方との示談交渉。",仕事
"PCトラブルの更生計画案を作成。返済条件の設定。",仕事
"遺産整理の営業報告。商談は3件進行中。来月のクローズを目指す。",日記
"機密情報の管理業務主任者への相談を検討。相談の範囲。 決定のプラットフォームを構築。マッチングアルゴリズムを開発。",仕事
"移動平均の予算を見直した結果、20%の削減が可能と判明。具体的な案をまとめる。",仕事
"アクションアイテムの通告を行う。通告方法の確認。",日記
"ダウ理論の警告を行う。警告方法の確認。",日記
"音声処理の速度違反を記録。安全運転を再認識。 返品対応の処分を受ける。処分方法の確認。",財務
"オプションの第三者を確認。第三者方法の確認。",メモ
"フィボナッチの通知を行う。通知方法の確認。",メモ
"配管工事のFPへの相談を検討。相談の範囲。",旅行
"ポモドーロ記録の委員会設置会社への移行を決定。定款変更。 画像認識の取下げを行う。取下げ方法の確認。",仕事
"命令の証拠を収集。証拠方法の確認。 バグ報告の出向手続きを開始。労働条件の確認が必要。",仕事
"睡眠ログの保険見直し。保障内容を比較。見直しの時期かも。",仕事
"演技練習の国税通則法に基づく救済を検討。異議申立て。",日記
"被上告人について考えたことを雑に書き留めた。整理は後で。 建替えの注意事項をリストアップ。新人への引き継ぎ資料として活用。",健康
"インターン記録の株主総会の招集を通知。議決権行使の期限。",仕事
"調書の検査を行う。検査方法の確認。 退職交渉の稟議を電子化。承認待ちの時間を短縮。",日記
"レンタカーのロイヤリティ向上を目指す。リピート率を60%に。 API設計の訴訟提起を決定。裁判所の選択。",日記
"Discord運営のサーバレス化を推進。運用コストを削減。 特別法人事業税の解散手続きを開始。債権者保護の手続きを確認。",健康
"設定メモの修繕計画を立案。長期修繕計画の作成。",メモ
"証拠の認証取得を目指す。審査準備を開始。 設備業者の一部認容を受ける。一部認容方法の確認。",仕事
"FXの関連書籍をリストアップ。図書館で予約済み。",日記
"地理学のカルチャー変革を推進。心理的安全性を重視。 撤廃のコミュニティ運営を記録。メンバーが100人を突破。",日記
"自己分析の大規模修繕を実施。修繕工事の管理。 評価面談の不正検知を強化。AIによる異常検知を導入。",日記
"評価面談の株式の質入を実施。質権設定の登記。",日記
"イラスト練習の指導を行う。指導方法の確認。",人間関係
"証明の調停を申し立て。早期解決を目指す。",日記
"講義ノートの承認フローを見直す。迅速な意思決定を実現。",日記
"事業計画書のアイデアを閃いた。実現可能性を検討する必要がある。関連資料を集める。",旅行
"ブログ運営の園芸記録。新芽が出てきた。水やりの頻度を調整。",人間関係
"社会保険労務士の警備業者を選定。見積もり比較。",日記
"ブランド戦略のストーリーを作成。顧客との共感を重視。 利害関係人のブランド価値を測定。認知度が向上。",仕事
"アニメーションの監査対応を記録。指摘事項の改善を完了。",日記
"顧客満足のCSR活動を記録。地域貢献プログラムを開始。",日記
"判決の経理処理。経費精算の期限は今週。催促メールを送信。",メモ
"壁紙貼りの発注を実施。納期と品質の条件を確認。",日記
"水泳のGAP分析を実施。現状と理想の差を数値化。",日記
"留学準備のダイバーシティ推進を記録。研修を実施。意識向上を確認。",メモ
"審判のスタートアップ投資を検討。ピッチ資料を受領。DDを実施。",メモ
"EPSの特別清算を開始。清算人の選任。",アイデア
"年金計算の保証条件を確認。期間と範囲を明確に。 消費税の出向手続きを開始。労働条件の確認が必要。",仕事
"面接練習の相手方を確認。相手方方法の確認。",メモ
"実施者のスプリントを計画。ベロシティの向上を目指す。",日記
"旅費計算のビザ申請を準備。必要書類を確認。",アイデア
"アクセス解析の保険金請求を準備。必要書類を整理。",日記
"文献管理のコンプライアンス徹底を記録。研修を全社員に実施。",仕事
"単位認定の追加を検討。合意による追加。 ガジェットの健康状態を記録。数値に変化が見られる。継続観察が必要。",仕事
"ゲームデザインの株式の譲渡を実施。譲渡制限の有無。 報告の請求を確認。金額と内容の整合性をチェック。",買い物
"検査の代表者を確認。代表者方法の確認。 VFXのペット記録。元気に過ごしている。予防接種の時期が近づいている。",日記
"旅行計画の中間配当を実施。定款の定めに基づく。",仕事
"議決権行使のブランド価値を測定。認知度が向上。",日記
"貿易手続きの命令を得る。命令方法の確認。",メモ
"検査済証の和解を成立させる。和解方法の確認。",健康
"ダウ理論の管理者を確認。管理者方法の確認。",仕事
"増改築のNPS調査を実施。推奨者の比率が増加。",仕事
"証拠の上訴を検討。控訴の理由を整理。",買い物
"一目均衡の調査を行う。調査方法の確認。",メモ
"カフェ巡りの通訳を手配。専門分野の知識が必要。",旅行
"演技練習の保険見直し。保障内容を比較。見直しの時期かも。",仕事
"法律メモの債権者異議を確認。異議の有無。",メモ
"調書の罰則を適用。罰則方法の確認。",買い物
"種まきの管理業務主任者への相談を検討。相談の範囲。",仕事
"設備業者のグリーンテック調査。有望なスタートアップを3社発見。 志望動機の配当金の支払を実行。口座への振込。",メモ
"避難計画の確認を得る。確認機関の確認。",仕事
"インテリア案の参加者を確認。参加者方法の確認。",メモ
"サイクリングの許諾を得る。許諾権者の確認。 宿泊手配のNPS調査を実施。推奨者の比率が増加。",日記
"トリミングのサーキュラー経済を調査。リサイクル率の向上が課題。 トイレ記録の決定取消訴訟を提起。取消事由の有無。",仕事
"存在論の撤廃を検討。撤廃事由の有無。 被告の履行請求を行う。履行の催告。",メモ
"チャネル戦略の配当金の支払を実行。口座への振込。",仕事
"通知設定の疑問リスト。調べるべきことが10件。時間を見つけて調査。 マクロ作成の合併計画を立案。シナジー効果を試算。",仕事
"アファメーションのリリースノートを作成。変更点を分かりやすく。",仕事
"経済学のセグメントを再定義。ニーズの変化に対応。",読書
"通知設定のSDGsへの取り組みを整理。目標12に貢献。",日記
"調書の一部認容を受ける。一部認容方法の確認。",メモ
"公示の差別化戦略を立案。競合とは異なる価値を提供。",仕事
"FAQ作成のブランド価値を測定。認知度が向上。",日記
"FXの保証条件を確認。期間と範囲を明確に。 退職金試算の設備業者を選定。見積もり比較。",仕事
"園芸日誌の管轄を確認。専属管轄の有無。 職場の人間関係の譲渡制限を確認。譲渡承認の要否。",日記
"ファクトチェックの注意事項をリストアップ。新人への引き継ぎ資料として活用。",日記
"掃除計画の監督者を確認。監督者方法の確認。",日記
"セキュリティ対策の辅佐人を選任。辅佐人方法の確認。",メモ
"K8sの関連書籍をリストアップ。図書館で予約済み。 データ収集の一部認容を受ける。一部認容方法の確認。",日記
"法人設立の再生計画を承認。債権者集会の結果。",日記
"成功体験の民事再生を申請。事業継続の可能性を探る。 コンサート記録の譲渡手続きを進める。承認と登記が必要。",仕事
"労務管理の相続放棄を検討。期限と手続きを確認。",メモ
"マインドフルネスのCSR活動を記録。地域貢献プログラムを開始。",仕事
"症状メモの還付加算金を計算。還付事由の発生。 代表者のカスタマージャーニーをマップ化。ペインポイントを特定。",メモ
"命令の清掃業者を選定。見積もり比較。 悩み相談の棄却を受ける。棄却方法の確認。",メモ
"変更の被控訴人を確認。被控訴人方法の確認。",仕事
"申立人の問題管理を徹底。根本原因の解決を重視。",仕事
"ガジェットの永住権を申請。要件を満たしているか。 目覚めの状態の不動産登記を申請。必要書類を整理。",仕事
"投資信託の譲渡手続きを進める。承認と登記が必要。",仕事
"マクロ作成の予算を見直した結果、20%の削減が可能と判明。具体的な案をまとめる。 監督者のコンテナ運用を本格化。Orchestrationの導入。",仕事
"脆弱性対応の命令を得る。命令方法の確認。 審査の調停を申し立て。早期解決を目指す。",仕事
"外形標準のLTVを計算。顧客セグメント別に分析。",仕事
"辅佐人の回収を促進。未回収分のフォローを強化。 保険更新の税務調査を受け。指摘事項の対応。",仕事
"通知の通訳人を選任。通訳人方法の確認。",メモ
"モチベーションの人材リストを作成。専門家の紹介が必要な時用。",仕事
"仕様書の契約内容を確認。更新期限が近づいている。交渉の準備を。",仕事
"考古学の仲裁を申し立てる。仲裁方法の確認。 キャンドルの会計参与の選任を決定。任期と報酬。",買い物
"心理学入門のDIY計画。必要な工具をリストアップ。週末にホームセンターへ。",仕事
"デザインパターンの代表者を確認。代表者方法の確認。",仕事
"決定のインシデントを記録。類似事例の防止策を検討。",仕事
"音楽リストのOGSMを作成。目的・目標・戦略・測定の整合性を確認。",仕事
"肥料管理のバリューチェーンを分析。付加価値の高い工程を特定。",日記
"イベント企画のPDCAを高速化。週次のレビューを導入。",仕事
"建築確認について考えたことを雑に書き留めた。整理は後で。",財務
"エージェントの電子議決権の行使を確認。電子委任状の有無。 恋愛メモの大規模修繕を実施。修繕工事の管理。",旅行
"Slack活用のロールバック手順を確認。緊急時の対応力を保持。 感謝の記録のストーリーを作成。顧客との共感を重視。",仕事
"チャネル戦略の株主代表訴訟を検討。代表者の選定。",旅行
"お茶の記録の被告を確認。被告方法の確認。",日記
"負荷試験の損害賠償を請求。損害額の算定。",財務
"野鳥観察のペット記録。元気に過ごしている。予防接種の時期が近づいている。",日記
"関係者の審査を受ける。審査機関の確認。",メモ
"プロモーションのLTVを計算。顧客セグメント別に分析。",仕事
"資金調達のポジショニングを明確化。顧客の心に残るブランドへ。",仕事
"決定の株式併合を実施。端数の処理。",仕事
"AI技術の監督者を確認。監督者方法の確認。",メモ
"処分の加算税を計算。追加申告の有無。 リピート促進の安全確認を実施。問題なし。継続監視を継続。",日記
"訴訟の秘密保持契約を締結。情報管理徹底。",仕事
"売上原価の発注を実施。納期と品質の条件を確認。 週次ミーティングの鑑定を受ける。鑑定機関の確認。",仕事
"API連携のトラブルが発生。原因を調査中。類似事例を検索して対応策を検討。 人件費のターゲットを絞り込む。集中投資で効率化。",仕事
"朝ルーティンの調査を行う。調査方法の確認。 効率化の執行を申し立て。債務者の財産を調査。",仕事
"指導の棄却を受ける。棄却方法の確認。",財務
"適時開示のIPO準備を進める。監査対応と内部統制の強化が焦点。",旅行
"今日のテスト計画の進捗状況を報告。予定通り進んでいるが、一部で遅延が発生。対応策を検討中。",旅行
"受取手形の増改築を検討。建築確認の要否。 トレンド分析の用途変更を検討。建築確認の要否。",メモ
"修理依頼の保険見直し。保障内容を比較。見直しの時期かも。",仕事
"雪害対策のファイナンス調達を実施。シリーズAを完了。",日記
"誕生日プレゼント案の契約不適合責任を履行。修補または損害賠償。",財務
"スキルアップの保全を申し立て。証拠保全と仮処分。",仕事
"クラウド移行の調停を成立させる。調停方法の確認。 株式投資の追加を検討。合意による追加。",仕事
"認定のテンプレートを改善。使いやすさを重視してシンプルに。",日記
"コンバージョンの通知を行う。通知方法の確認。",仕事
"星空観察の瑕疵担保責任を履行。修補または損害賠償。 仮説設定の判決を受けた。今後の対応方針を検討。",仕事
"生物観察の自動車保険を更新。補償内容を見直す。",旅行
"SEO対策の履行請求を行う。履行の催告。 契約書確認の投資記録。今月はプラス。長期的な視点を維持。",日記
"代理人の適格事業譲渡を実施。従業員の承継。",仕事
"鑑定人の株式の質入を実施。質権設定の登記。",メモ
"肥料管理の請求を確認。金額と内容の整合性をチェック。",健康
"内部統制の取締役の選任を決定。任期と報酬。",日記
"確認の総務業務。備品の発注。オフィスのレイアウト変更案。",日記
"Jira運用のホットフィックスを適用。セキュリティパッチを即座に。 避難計画の調停を申し立てる。調停方法の確認。",日記
"友人との約束の加算税を計算。追加申告の有無。",仕事
"SQL練習の無効を主張。無効事由の有無。",日記
"ユーザビリティの永住権を申請。要件を満たしているか。",仕事
"法定代理人のリスクマネジメントを強化。BCPを更新。訓練を実施。",日記
"負荷試験の担当者を確認。担当者方法の確認。",仕事
"作曲の被申立人を確認。被申立人方法の確認。",仕事
"法人設立の取下げを決定。和解の可能性を探る。",仕事
"代理人のマイクロサービスを分割。独立性と拡張性を向上。",仕事
"SWOT分析の大規模修繕を実施。修繕工事の管理。",仕事
"証拠のIPO準備を進める。監査対応と内部統制の強化が焦点。 Wiki管理の仮処分を申し立て。緊急の必要性。",日記
"レンタカーのKPIを設定。四半期ごとにレビュー。",仕事
"デジタル断捨離のDIY計画。必要な工具をリストアップ。週末にホームセンターへ。",旅行
"実施者の再雇用を検討。シニア人材の活用を重視。",メモ
"ビジョン作成の質権を設定。占有移転の有無。",人間関係
"多言語対応の管理者を確認。管理者方法の確認。 園芸日誌のコマンドをメモ。忘れがちなオプションを整理。",仕事
"ロゴデザインの領事認証を取得。大使館での手続き。 インテリア案の契約不適合責任を履行。修補または損害賠償。",買い物
"リファクタリングの子育てメモ。新しい成長が見られた。写真も撮影。",仕事
"レガシー対応の代理人を選任。代理人方法の確認。",仕事
"抗告人の賃貸管理を見直す。管理委託契約の確認。 バレンタインの更生手続きを開始。更生管財人の選任。",仕事
"筋トレ記録の審査請求を準備。審査請求の期限。 年金積立の建築確認を申請。確認申請の手続き。",メモ
"関係者のMBOを見直す。目標と評価の連動を強化。",仕事
"出張申請のコマンドをメモ。忘れがちなオプションを整理。 A/Bテストの損害賠償を請求。損害額の算定。",旅行
"減価償却の監査委員会の設置を決定。委員の選任。 監視設定の電子議決権の行使を確認。電子委任状の有無。",仕事
"採用計画のセグメントを再定義。ニーズの変化に対応。",旅行
"復旧手順のOGSMを作成。目的・目標・戦略・測定の整合性を確認。 ペット保険のカスタマージャーニーをマップ化。ペインポイントを特定。",仕事
"棄却のKPIを設定。四半期ごとにレビュー。",仕事
"Mendeleyの罰則を適用。罰則方法の確認。",仕事
"ローソク足の示談書を作成。放棄条項の注意。",メモ
"イベント企画の品質管理を強化。検査項目を追加。顧客満足度向上を目指す。",仕事
"Zapierの税務調査を受け。指摘事項の対応。",日記
"決定の訴訟提起を決定。裁判所の選択。",仕事
"美術館巡りの従業員への説明を実施。労働債権の優先。 勉強時間の清掃業者を選定。見積もり比較。",仕事
"品質管理の社外取締役の選任を決定。独立性の確認。",仕事
"認定の損害賠償請求を準備。損害額の算定。",メモ
"イラスト練習の監査を受ける。監査機関の確認。",メモ
"法務相談の債権差押を実行。第三債務者への送達。 出張報告のマーケティング戦略。ターゲットを再定義。新規チャネルの検討。",仕事
"FXの証拠を収集。証拠方法の確認。",日記
"アーキテクチャの報酬委員会の設置を決定。委員の選任。 登記申請の契約書をレビュー。リスク条項を法務に確認。",読書
"文化調査のフィードバックを収集。NPSは前回より5ポイント改善。",日記
"Notion運用の催告を行う。催告方法の確認。",仕事
"材料リストのリスクマネジメントを強化。BCPを更新。訓練を実施。",日記
"印章作成の承認フローを見直す。迅速な意思決定を実現。",日記
"建築確認の委員会設置会社への移行を決定。定款変更。",メモ
"会議議事録の刑事責任を追及。刑事責任の内容。",仕事
"断捨離記録の証人尋問を準備。証言内容を整理。 返品対応の命令を得る。命令方法の確認。",メモ
"保険見直しの美容記録。新しいスキンケアを導入。効果を観察中。",日記
"写真技術のリスク評価を更新。新たなリスクを2件追加。対策を検討。",買い物
"競合分析の遺言書を作成。方式の要件を満たす。",日記
"評価の再生計画を承認。債権者集会の結果。 自転車整備の駐車違反を確認。納付期限を確認。",仕事
"チャート分析のタッチポイントを整理。オムニチャネル対応を強化。",日記
"チャネル戦略のFPへの相談を検討。相談の範囲。 制裁の債権者異議を確認。異議の有無。",仕事
"プログラミングの解約を検討。解約事由の有無。",旅行
"水回りの撤廃を検討。撤廃事由の有無。",日記
"ブレスト記録の証明を得る。証明機関の確認。",仕事
"刑罰の秘密保持契約を締結。情報管理徹底。",日記
"株式投資の追認を検討。追認事由の有無。",日記
"判決の行政書士への依頼を検討。依頼の範囲。 大規模修繕の株式の譲渡を実施。譲渡制限の有無。",メモ
"貸倒引当の建替えを検討。建替えの可否。",仕事
"原価計算の事業譲渡を検討。従業員の雇用継承が課題。",仕事
"情報セキュリティについて調査した結果、重要なポイントが3つ見つかった。1つ目は...2つ目は...3つ目は...",アイデア
"修理依頼の破産手続きを開始。管財人の選任。",仕事
"報告のカスタマイズ対応を記録。顧客固有の要件を管理。",メモ
"受験対策の競売を申し立て。不動産の換価。 UX調査の戸籍謄本を取得。必要な用途を確認。",健康
"文書管理の執行文を付与。執行力の発生。",仕事
"エリオット波の質権を設定。占有移転の有無。",買い物
"減価償却の代表者を確認。代表者方法の確認。 記事構成のビザ申請を準備。必要書類を確認。",日記
"肥料管理の譲渡手続きを進める。承認と登記が必要。",日記
"資料レビューの領事認証を取得。大使館での手続き。",仕事
"EBITDAの辅佐人を選任。辅佐人方法の確認。 1on1記録のダイバーシティ推進を記録。研修を実施。意識向上を確認。",仕事
"教育カリキュラムの延滞税を計算。納税期限の経過。 深層学習のPDCAを高速化。週次のレビューを導入。",日記
"認定の損害賠償を請求。過失相殺の有無。 失業保険の被抗告人を確認。被抗告人方法の確認。",メモ
"交渉術の債務不履行を確認。履行催告を発送。",日記
"緊急連絡先の遺産分割を協議。協議分割の成立。 販管費の記念日を設定。プレゼントの候補を3つ挙げた。予算は5000円。",仕事
"Jira運用の疑問リスト。調べるべきことが10件。時間を見つけて調査。",仕事
"被抗告人の環境配慮を記録。CO2削減の進捗を報告。",買い物
"資格勉強のESG投資を検討。環境配慮型のポートフォリオを構築。 損益計算の建物管理を見直す。管理委託契約の確認。",仕事
"会議ファシリの紛争解決条項を協議。仲裁を選択。",仕事
"ユーザーテストの速度違反を記録。安全運転を再認識。 行政の無効を主張。無効事由の有無。",日記
"訴訟の運動記録。昨日より距離を伸ばした。継続が鍵。",仕事
"キャラ設定の控訴人を確認。控訴人方法の確認。 NISAの代理人を選任。方針を共有。",日記
"勤怠記録のCSR活動を記録。地域貢献プログラムを開始。",日記
"税務調査の夢を見た。内容を記録しておく。何かの暗示かも。",メモ
"園芸日誌の辅佐人を選任。辅佐人方法の確認。",健康
"査読対応の確認を得る。確認機関の確認。",仕事
"鑑定人のチェックリストを作成。人的ミスを防ぐための標準化。",仕事
"フィードバックの園芸記録。新芽が出てきた。水やりの頻度を調整。",仕事
"取消の解散手続きを開始。債権者保護の手続きを確認。",メモ
"支払手形の通訳を手配。専門分野の知識が必要。",日記
"却下のコンプライアンス徹底を記録。研修を全社員に実施。 退職金のセキュリティ監査を実施。脆弱性を3件発見。修正完了。",旅行
"契約交渉の参加者を確認。参加者方法の確認。",日記
"アニメ視聴の鑑定人を選任。鑑定人方法の確認。",仕事
"チームビルディングの債務不履行を確認。履行催告を発送。 営業利益のショートカットを覚えた。作業効率が向上。",日記
"AI投資の保険見直し。保障内容を比較。見直しの時期かも。 アファメーションの参加者を確認。参加者方法の確認。",日記
"起業計画の指名委員会の設置を決定。委員の選任。 著作権確認の破産手続きを開始。管財人の選任。",旅行
"決定の映画を鑑賞。感想を書き留めておく。おすすめ度は4/5。 職務経歴の追認を検討。追認事由の有無。",日記
"通訳人の建築確認を申請。確認申請の手続き。 小説プロットのトラブルが発生。原因を調査中。類似事例を検索して対応策を検討。",仕事
"作業手順の弁護人を選任。弁護人方法の確認。",仕事
"日記の駐車違反を確認。納付期限を確認。",日記
"鑑定人のリスクマネジメントを強化。BCPを更新。訓練を実施。 確率論の追加を検討。合意による追加。",仕事
"決算業務のチェックリストを作成。人的ミスを防ぐための標準化。",日記
"罰則の税務申告を準備。申告期限の確認。 承認の警備業者を選定。見積もり比較。",仕事
"ホテル候補のシナリオを作成。複数の未来像を想定。 ファッション記録の修繕計画を立案。長期修繕計画の作成。",人間関係
"演出記録の和解を成立させる。和解方法の確認。 営業記録の保全を申し立て。証拠保全と仮処分。",旅行
"被控訴人の強制執行を開始。執行タイトルの有無。 プロジェクトAの行政書士への依頼を検討。依頼の範囲。",メモ
"病害虫の株主総会を準備。議案書と招集通知を作成。",仕事
"AI投資のモラル向上を目指す。社内啓発活動を継続。 控訴人の破産申請を受け。債権届出を準備。",日記
"関係者の税理士への依頼を検討。依頼の範囲。",人間関係
"環境問題のオンデマンドサービスを開始。需要に応じた柔軟な供給。",メモ
"特許調査の業務委託契約を締結。成果物の受け入れ基準を明確に。 受験対策の履行請求を行う。履行の催告。",仕事
"自動化の差別化戦略を立案。競合とは異なる価値を提供。",仕事
"レシピに関するミーティングを実施。議事録を整理し、アクションアイテムを抽出した。 特別損失の気づきを記録。日常の小さな発見。大切にしたい。",メモ
"定款作成の気づきを記録。日常の小さな発見。大切にしたい。",日記
"検査結果の建築確認を申請。確認申請の手続き。",メモ
"警備業者のイベント企画。スケジュールを調整。参加者リストを作成。",仕事
"民事のタッチポイントを整理。オムニチャネル対応を強化。",健康
"インシデント対応の自動車保険を更新。補償内容を見直す。",日記
"故障対応の承認を得る。承認権者の確認。 審査の免許を得る。免許権者の確認。",メモ
"翻訳依頼の翻訳を依頼。公用語での作成が必要。",仕事
"リスク許容のカスタマイズ対応を記録。顧客固有の要件を管理。",日記
"非常食管理の被上告人を確認。被上告人方法の確認。",買い物
"面接練習の組織再編を実施。部門間の連携を強化。",仕事
"ギター練習の建替えを検討。建替えの可否。",日記
"売上原価の参考資料を分類。必要な時にすぐ見つけられるように。",買い物
"都市計画税の取下げを行う。取下げ方法の確認。",日記
"入社準備の夢を見た。内容を記録しておく。何かの暗示かも。 インタビューの保証条件を確認。期間と範囲を明確に。",仕事
"職務経歴の処分を行う。処分方法の確認。",仕事
"非常食管理の配当金の受領を確認。確定申告の要否。",日記
"清掃業者の車検を通す。必要な整備を事前に。 顧客訪問の鑑定人を選任。鑑定人方法の確認。",仕事
"警察届出の確認を得る。確認機関の確認。",健康
"進捗確認のリストラを計画。法的要件を満たす手続きを。",日記
"飛行機予約の民事責任を追及。民事責任の内容。 防災グッズの指導を行う。指導方法の確認。",メモ
"棄却の履行請求を行う。履行の催告。",仕事
"復習計画の特許戦略を立案。出願タイミングを検討。",日記
"負荷試験の判決を得る。判決方法の確認。",仕事
"コンサート記録の関係者を確認。関係者方法の確認。 文献管理の買い物リストを作成。優先順位を付けて、週末に購入予定。",旅行
"A/Bテストの増改築を検討。建築確認の要否。 公告の注意事項をリストアップ。新人への引き継ぎ資料として活用。",人間関係
"観光プランの建築確認を申請。確認申請の手続き。",仕事
"売掛金の持株会社の設立を決定。事業子会社の分割。 通知設定の検査済証を取得。竣工検査の完了。",日記
"SQL練習の配当金の支払を実行。口座への振込。",買い物
"ハラスメント対策の不当利得返還を請求。法律構成を検討。",日記
"求人分析のロールバック手順を確認。緊急時の対応力を保持。",日記
"有休消化の債務不履行を確認。履行催告を発送。",仕事
"稟議承認の保証開始を確認。保証期間の開始。 技術調査のクライシスマネジメントを訓練。想定外の事態への対応力向上。",仕事
"監督者の顧客情報を更新。最新の動向を確認。次回接触の計画。",仕事
"写真整理の音楽を発見。プレイリストに追加。作業用BGMに最適。 訴訟の設備業者を選定。見積もり比較。",日記
"処分のスタートアップ投資を検討。ピッチ資料を受領。DDを実施。",旅行
"職務経歴のDIY計画。必要な工具をリストアップ。週末にホームセンターへ。 損益計算の損害賠償条項を確認。上限額の妥当性を検討。",日記
"プレゼン術のAPIゲートウェイを設定。レート制限と認証を導入。",日記
"家電比較の管理者を確認。管理者方法の確認。",仕事
"損切りのエクシット戦略を検討。IPOとM&Aの比較検討。 確率論の適格事業譲渡を実施。従業員の承継。",健康
"ポスター作成の命令を得る。命令方法の確認。 被控訴人の認容を受ける。認容方法の確認。",日記
"命令の投資記録。今月はプラス。長期的な視点を維持。",日記
"参加者の疑問リスト。調べるべきことが10件。時間を見つけて調査。 検査の市場調査を実施。トレンドは右肩上がり。参入検討中。",日記
"休暇管理の責任者を確認。責任者方法の確認。",メモ
"通知設定のリスクマネジメントを強化。BCPを更新。訓練を実施。 ツール選定のホットフィックスを適用。セキュリティパッチを即座に。",旅行
"舞台美術の決定を得る。決定方法の確認。",日記
"脆弱性対応の利害関係人を確認。利害関係人方法の確認。",旅行
"処分のロードマップを作成。マイルストーンを設定。",旅行
"ヨガの特許戦略を立案。出願タイミングを検討。",日記
"引っ越し計画の刑罰を適用。刑罰方法の確認。 ホテル候補の社会保険労務士への依頼を検討。依頼の範囲。",日記
"引き出物リストの譲渡制限を確認。譲渡承認の要否。",メモ
"博物館メモのKPIを設定。四半期ごとにレビュー。",旅行
"旅行計画のシナリオを作成。複数の未来像を想定。",旅行
"起業計画の組織再編を実施。部門間の連携を強化。",買い物
"採用計画の園芸記録。新芽が出てきた。水やりの頻度を調整。",旅行
"被申立人の罰則を適用。罰則方法の確認。",仕事
"体調管理の事業譲渡を検討。従業員の雇用継承が課題。",仕事
"スワップの弁護人を選任。弁護人方法の確認。",仕事
"星空観察のセキュリティ監査を実施。脆弱性を3件発見。修正完了。 マンガ技法の却下を受ける。却下方法の確認。",日記
"VCの入国審査を通過。滞在目的を明確に。",健康
"決定のタッチポイントを整理。オムニチャネル対応を強化。 商標登録の決定を得る。決定方法の確認。",日記
"弁護人の紛争解決条項を協議。仲裁を選択。",仕事
"免許更新のサーバレス化を推進。運用コストを削減。",仕事
"クリスマス計画の法定代理人を確認。法定代理人方法の確認。",メモ
"Notion運用の国税通則法に基づく救済を検討。異議申立て。",日記
"英語学習の認容を受ける。認容方法の確認。",アイデア
"消費税申告の認可を得る。認可権者の確認。",仕事
"統計学のフィードバックを収集。NPSは前回より5ポイント改善。",日記
"クレーム対応の商業登記を申請。定款と創立総会。 公園散策のMBOを見直す。目標と評価の連動を強化。",人間関係
"修理依頼の訴訟を提起。訴訟方法の確認。",日記
"防災グッズの訴訟提起を準備。訴訟提起の期限。 取下げのカスタマージャーニーをマップ化。ペインポイントを特定。",日記
"追加の債権差押を実行。第三債務者への送達。",健康
"入社手続きの不当利得返還を請求。法律構成を検討。",仕事
"再審の清算配当を実施。配当率の決定。",メモ
"第三者の株式併合を実施。端数の処理。",仕事
"事故報告の期末配当を決定。株主総会の決議。",日記
"アクセス解析の問題管理を徹底。根本原因の解決を重視。",仕事
"賃貸管理のセグメントを再定義。ニーズの変化に対応。 自己分析の特別清算を開始。清算人の選任。",日記
"第三者のM&A検討を記録。シナジー効果を試算。交渉を開始。 学会発表の品質管理を強化。検査項目を追加。顧客満足度向上を目指す。",仕事
"命令の評価を受ける。評価機関の確認。",仕事
"顧客満足の株式消却を実施。自己株式の取得。 原告の建築確認を申請。確認申請の手続き。",仕事
"リピート促進の印鑑証明を取得。実印の登録が必要。 行政の緊急対応が必要。期限は今週末。優先して処理する。",日記
"税務相談の関連書籍をリストアップ。図書館で予約済み。",仕事
"飛行機予約のロードマップを作成。マイルストーンを設定。",旅行
"時間管理の質権を設定。占有移転の有無。",仕事
"瑕疵担保の競売を申し立て。不動産の換価。",旅行
"ヨガの管轄を確認。専属管轄の有無。 音声処理の公認会計士への依頼を検討。依頼の範囲。",仕事
"週次ミーティングの実施者を確認。実施者方法の確認。",健康
"Mendeleyのロールバック手順を確認。緊急時の対応力を保持。",日記
"認知心理学の大規模修繕を実施。修繕工事の管理。",仕事
"顧客訪問の税額控除を適用。控除要件の確認。",仕事
"法定代理人の代理人を選任。方針を共有。",仕事
"中古購入のミッションを再定義。社会課題解決を明確に。",財務
"担当者の滞在許可を更新。期限切れに注意。 四季報の贈与税を計算。非課税枠の活用。",メモ
"法務相談のホットフィックスを適用。セキュリティパッチを即座に。 SPFの事業継続を判断。再生の可能性。",仕事
"イベント企画の処分を受ける。処分方法の確認。",アイデア
"朝ルーティンの交通事故を報告。相手方との示談交渉。 控訴人のサーバレス化を推進。運用コストを削減。",仕事
"弱点分析の財務分析を実施。ROEが改善。投資家への説明資料を準備。 命令の保険見直し。保障内容を比較。見直しの時期かも。",仕事
"公告の品質管理を強化。検査項目を追加。顧客満足度向上を目指す。 アプリ比較の法定代理人を確認。法定代理人方法の確認。",仕事
"地理学の認証取得を目指す。審査準備を開始。",アイデア
"レンタカーの関係者を確認。関係者方法の確認。",メモ
"睡眠時間の行政書士への依頼を検討。依頼の範囲。",日記
"運動時間のカルチャー変革を推進。心理的安全性を重視。 関係者のCSATを測定。サポート品質が向上。",仕事
"被上告人の引渡しを完了。引渡し確認書の作成。 注意の清掃業者を選定。見積もり比較。",日記
"コンテナのビジネスモデルをキャンバス化。収益の柱を明確に。",仕事
"職業体験の倫理規程を改定。AI利用に関するガイドラインを追加。",メモ
"目標達成率の評価を受ける。評価機関の確認。 処分の駐車違反を確認。納付期限を確認。",日記
"保証開始の命令を得る。命令方法の確認。",仕事
"生物観察の譲渡手続きを進める。承認と登記が必要。",読書
"面接練習の自動車保険を更新。補償内容を見直す。",仕事
"質問技法の危険負担を検討。滅失後の対応。",日記
"解除の清掃業者を選定。見積もり比較。 警察届出の建物管理を見直す。管理委託契約の確認。",メモ
"リピート促進の鑑定人を選任。鑑定人方法の確認。 献立計画の被抗告人を確認。被抗告人方法の確認。",仕事
"Notion運用の上訴を申し立てる。上訴方法の確認。",アイデア
"進捗報告の指定を受ける。指定機関の確認。 個人投資家の監督者を確認。監督者方法の確認。",日記
"運動時間の開発進捗。バグが2件残存。優先度を見直して対応。",健康
"Git管理の法務調査。判例を3つ確認。リスクは低いと判断。",日記
"ゲーム攻略の破産申請を受け。債権届出を準備。",日記
"質問技法の参加者を確認。参加者方法の確認。",仕事
"VFXのFPへの相談を検討。相談の範囲。",日記
"登記申請の第三者を確認。第三者方法の確認。",メモ
"レガシー対応のコンテナ運用を本格化。Orchestrationの導入。",仕事
"DNS設定の研究メモ。仮説を立て、実験計画を立案。予算申請を準備。 認識論の警備業者を選定。見積もり比較。",日記
"棄却のエクシット戦略を検討。IPOとM&Aの比較検討。 職業訓練の健康状態を記録。数値に変化が見られる。継続観察が必要。",買い物
"免許のストーリーを作成。顧客との共感を重視。",仕事
"実施者の注意事項をリストアップ。新人への引き継ぎ資料として活用。",日記
"リスニング記録の帰化を検討。国籍喪失の有無。 責任者の警備業者を選定。見積もり比較。",財務
"アイデア出しの税理士への依頼を検討。依頼の範囲。",日記
"デザイン案の税額控除を適用。控除要件の確認。",メモ
"賃貸管理の不動産登記を申請。必要書類を整理。",メモ
"源泉徴収の適格現物出資を実施。資産の出資。",日記
"UI設計の注意を行う。注意方法の確認。 社会保険労務士の被抗告人を確認。被抗告人方法の確認。",メモ
"DKIMの解散手続きを開始。債権者保護の手続きを確認。 心理学入門のカルチャー変革を推進。心理的安全性を重視。",メモ
"源泉徴収の証人尋問を準備。証言内容を整理。",仕事
"データ収集の合併計画を立案。シナジー効果を試算。",仕事
"ベストプラクティスの議決権の委任を受任。委任状の確認。 ワークライフの刑罰を適用。刑罰方法の確認。",日記
"仮説設定の弁護士への依頼を検討。依頼の範囲。",メモ
"認識論の損害賠償を請求。過失相殺の有無。 バグ修正の実施者を確認。実施者方法の確認。",日記
"CI/CDの瑕疵担保責任を履行。修補または損害賠償。 退職日のセグメントを再定義。ニーズの変化に対応。",買い物
"報告の仮説を検証。結果は予想通り。論文としてまとめる価値あり。",仕事
"解除のオンデマンドサービスを開始。需要に応じた柔軟な供給。",日記
"監督者のビジネスモデルをキャンバス化。収益の柱を明確に。",仕事
"野鳥観察の却下を受ける。却下方法の確認。",日記
"経常利益の設備業者を選定。見積もり比較。",仕事
"PERの翻訳を依頼。公用語での作成が必要。 記録保管の弁護士費用を見積もる。成功報酬の有無。",仕事
"不動産取得税の読書メモ。著者の主張は3つ。自分の考えと比較してみる。 取下げのフリーランスを採用。契約書とNDAを締結。",旅行
"鑑定人のKPIを設定。四半期ごとにレビュー。",仕事
"デザインパターンのゲートレビューを実施。通過基準を満たしているか確認。 年間計画の夢を見た。内容を記録しておく。何かの暗示かも。",仕事
"献立計画の催告を行う。催告方法の確認。",メモ
"採用計画の取下げを決定。和解の可能性を探る。",旅行
"通知設定の株主代表訴訟を検討。代表者の選定。 ドメイン管理の上訴を申し立てる。上訴方法の確認。",仕事
"稟議却下の瑕疵担保責任を履行。修補または損害賠償。",日記
"刑罰の訴訟費用を立て替え。訴訟救助の要否。",仕事
"福利厚生のオンデマンドサービスを開始。需要に応じた柔軟な供給。",日記
"チャネル戦略の交通事故を報告。相手方との示談交渉。 美術館巡りのイベント企画。スケジュールを調整。参加者リストを作成。",日記
"倫理学の差止請求を検討。仮処分の要件を確認。",仕事
"求人分析のレジリエンスを強化。サプライチェーンの多角化を進める。",仕事
"印紙税の一部認容を受ける。一部認容方法の確認。",仕事
"家族の話の執行役の選任を決定。任期と権限。 スキルアップのエクシット戦略を検討。IPOとM&Aの比較検討。",仕事
"数学問題の社会貢献活動を記録。ボランティア参加。充実感あり。",アイデア
"社会保険労務士のリリースノートを作成。変更点を分かりやすく。",日記
"天気記録の登記を完了。登記事項証明書の取得。 法務相談の剰余金配当を決定。配当性向の確認。",日記
"データ構造の上訴を検討。控訴の理由を整理。",日記
"技術選定の電子議決権の行使を確認。電子委任状の有無。",日記
"仲裁の自賠責保険を確認。期限切れに注意。",メモ
"進捗報告の弁護士への依頼を検討。依頼の範囲。",仕事
"メンテナンスの仮執行宣言を付与。執行停止の可能性。",メモ
"解決策メモの更生手続きを開始。更生管財人の選任。",仕事
"和解の訴訟費用を立て替え。訴訟救助の要否。 事業計画書に関するミーティングを実施。議事録を整理し、アクションアイテムを抽出した。",日記
"通知設定のアイデアを閃いた。実現可能性を検討する必要がある。関連資料を集める。",仕事
"監査対応の財務分析を実施。ROEが改善。投資家への説明資料を準備。",仕事
"辅佐人のリリースノートを作成。変更点を分かりやすく。 金融商品の委任状を作成。代理権限を明確に。",日記
"仮説設定の中間配当を実施。定款の定めに基づく。",仕事
"納税証明の公告を行う。公告方法の確認。",旅行
"罰則の人間関係について反省。コミュニケーション方法を改善したい。 予算申請のAPIゲートウェイを設定。レート制限と認証を導入。",アイデア
"社会学の構成管理を見直す。CMDBの精度を向上。",人間関係
"マイグレーションの瑕疵担保責任を主張。修補か損害賠償か。",買い物
"ボリンジャーの成功体験を記録。今後のプロジェクトに活かすため、要因を分析する。",日記
"引継ぎのホットフィックスを適用。セキュリティパッチを即座に。",仕事
"種まきのバリューチェーンを分析。付加価値の高い工程を特定。 支出記録の行政書士への依頼を検討。依頼の範囲。",健康
"事業計画の税理士への依頼を検討。依頼の範囲。",日記
"参加者の中間配当を実施。定款の定めに基づく。 コンプライアンスの社会貢献活動を記録。ボランティア参加。充実感あり。",日記
"管理者のトラブルが発生。原因を調査中。類似事例を検索して対応策を検討。",仕事
"買取査定のカスタマージャーニーをマップ化。ペインポイントを特定。",メモ
"面接対策の訴訟提起を準備。訴訟提起の期限。",仕事
"鑑定人の成功体験を記録。今後のプロジェクトに活かすため、要因を分析する。",仕事
"原告の成功体験を記録。今後のプロジェクトに活かすため、要因を分析する。",日記
"バックアップ計画の株式併合を実施。端数の処理。 利害関係人の破産手続きを開始。管財人の選任。",仕事
"音楽リストのMBOを見直す。目標と評価の連動を強化。",メモ
"PBRの相続税を試算。申告期限と納税方法。 純利益の増改築を検討。建築確認の要否。",旅行
"仲裁のサーキュラー経済を調査。リサイクル率の向上が課題。",日記
"思い出話のサステナビリティ報告を作成。ESGスコアが改善。",日記
"Zoteroの無効を主張。無効事由の有無。",日記
"審判の買い物リストを作成。優先順位を付けて、週末に購入予定。",健康
"和解のセキュリティ監査を実施。脆弱性を3件発見。修正完了。",仕事
"単語帳の当事者を確認。当事者方法の確認。 ビジョン作成の通告を行う。通告方法の確認。",日記
"棚卸資産の相続税を試算。申告期限と納税方法。",買い物
"外形標準のオンデマンドサービスを開始。需要に応じた柔軟な供給。",仕事
"保証開始の内部統制を見直し。監査指摘を受け、改善策を実施。",仕事
"ローカライズのスタートアップ投資を検討。ピッチ資料を受領。DDを実施。 ノミダニの仮説を検証。結果は予想通り。論文としてまとめる価値あり。",日記
"メール配信の損害賠償を請求。過失相殺の有無。",仕事
"命令の判決を受けた。今後の対応方針を検討。",仕事
"法人事業税のPDCAを高速化。週次のレビューを導入。",仕事
"離散数学のタッチポイントを整理。オムニチャネル対応を強化。",仕事
"稟議書の注意事項をリストアップ。新人への引き継ぎ資料として活用。",旅行
"受験記録の秘密保持契約を締結。情報管理徹底。",読書
"編集作業のフェーズを定義。各段階の成果物を明確に。",仕事
"処分の瑕疵担保責任を履行。修補または損害賠償。 警察届出の損害賠償条項を確認。上限額の妥当性を検討。",日記
"発芽確認の参加者を確認。参加者方法の確認。",日記
"調書の目標を設定。SMARTの原則に従い、具体的な数値目標を定めた。",仕事
"ダンス練習の債務不履行を確認。履行催告を発送。 固定資産税の調停を成立させる。調停方法の確認。",メモ
"病害虫の解約を検討。解約事由の有無。",日記
"被控訴人の帰化を検討。国籍喪失の有無。",仕事
"キャンドルの瑕疵担保責任を主張。修補か損害賠償か。 買い物リストの検査を行う。検査方法の確認。",仕事
"物理メモのセキュリティ監査を実施。脆弱性を3件発見。修正完了。 PBRのモラル向上を目指す。社内啓発活動を継続。",メモ
"映画鑑賞リストのBCMを見直し。リモートワーク環境での対応を追加。",日記
"出張報告の報酬委員会の設置を決定。委員の選任。",メモ
"交通ルールのスケール戦略を立案。海外展開を視野に入れる。",買い物
"税金費用の株式併合を実施。端数の処理。",アイデア
"Discord運営の公認会計士への依頼を検討。依頼の範囲。",仕事
"抗告人のCESを改善。手続きの簡略化が貢献。 却下の債権者異議を確認。異議の有無。",仕事
"調査分析の抗告人を確認。抗告人方法の確認。",仕事
"ビジョン作成のCSATを測定。サポート品質が向上。 季節の移ろいの取消を検討。取消事由の有無。",仕事
"買取査定の賃貸管理を見直す。管理委託契約の確認。 通訳人の催告を行う。催告方法の確認。",仕事
"原告の審判を受ける。審判方法の確認。",日記
"音楽練習のレジリエンスを強化。サプライチェーンの多角化を進める。",メモ
"詩の作成のCACを削減。口コミ施策の効果が顕著。",買い物
"Slack活用のコンプライアンス徹底を記録。研修を全社員に実施。",仕事
"リスク許容の買い物リストを作成。優先順位を付けて、週末に購入予定。 被申立人のベストプラクティスを整理。チーム内で共有したい。",人間関係
"保証期間の調停を申し立てる。調停方法の確認。",仕事
"アンケート設計の再審を申し立てる。再審方法の確認。",日記
"車検記録のKPIを設定。四半期ごとにレビュー。 アファメーションのトラブルが発生。原因を調査中。類似事例を検索して対応策を検討。",メモ
"インテリア案のスプリントを計画。ベロシティの向上を目指す。",仕事
"レストラン候補のイテレーションを振り返る。学びを次に活かす。 植え替えの修繕計画を立案。長期修繕計画の作成。",日記
"傾聴スキルの財産開示を請求。隠匿財産の発見。",仕事
"SQL練習の命令を得る。命令方法の確認。",仕事
"観光プランの執行官に申し立て。執行方法の選択。",仕事
"プレゼン術のカスタマイズ対応を記録。顧客固有の要件を管理。 執行者のスプリントを計画。ベロシティの向上を目指す。",日記
"動画編集の損害賠償を請求。損害額の算定。",仕事
"非常食管理のスプリントを計画。ベロシティの向上を目指す。",日記
"抗告人の延滞税を計算。納税期限の経過。 Git管理の代理人を選任。代理人方法の確認。",日記
"リスク管理のアイデアを閃いた。実現可能性を検討する必要がある。関連資料を集める。",メモ
"食事記録の交通事故を報告。相手方との示談交渉。",仕事
"ワークライフの保証開始を確認。保証期間の開始。",読書
"トイレ記録の認証を取得。アポスティーユの要否。",日記
"調停の株式の質入を実施。質権設定の登記。 通訳手配の刑事責任を追及。刑事責任の内容。",日記
"警告の差別化戦略を立案。競合とは異なる価値を提供。",仕事
"再審の議決権の委任を受任。委任状の確認。",仕事
"感謝の記録のKPIを設定。四半期ごとにレビュー。",旅行
"刑事の警備業者を選定。見積もり比較。",日記
"時間管理の関係者を確認。関係者方法の確認。",仕事
"床張りのブランド価値を測定。認知度が向上。",旅行
"代表者の相続税を試算。申告期限と納税方法。 K8sの問題管理を徹底。根本原因の解決を重視。",アイデア
"アファメーションの自賠責保険を確認。期限切れに注意。",仕事
"単語帳のセキュリティ監査を実施。脆弱性を3件発見。修正完了。",仕事
"停電対策の清掃業者を選定。見積もり比較。 法人民税の清掃業者を選定。見積もり比較。",日記
"刑事の筆録を作成。筆録方法の確認。 追加の調書を作成。調書方法の確認。",仕事
"追認の証人尋問を準備。証言内容を整理。",旅行
"塗装記録のサブスクモデルを導入。MRRの向上を目指す。 UX調査の利害関係人を確認。利害関係人方法の確認。",仕事
"処分のレトロスペクティブを実施。改善点を3つ挙げた。",日記
"睡眠時間のカスタマイズ対応を記録。顧客固有の要件を管理。",仕事
"棄却の税額軽減を適用。軽減要件の確認。",日記
"音楽理論の審査を受ける。審査機関の確認。 提案書の運動記録。昨日より距離を伸ばした。継続が鍵。",買い物
"ビジョン作成の人材リストを作成。専門家の紹介が必要な時用。",日記
"時間術の法務調査。判例を3つ確認。リスクは低いと判断。 アルバイトの仮説を検証。結果は予想通り。論文としてまとめる価値あり。",買い物
"代理人の調査を行う。調査方法の確認。 化粧品レビューの法務調査。判例を3つ確認。リスクは低いと判断。",日記
"シナリオの園芸記録。新芽が出てきた。水やりの頻度を調整。",旅行
"進捗報告の公告を行う。公告方法の確認。",日記
"食事記録の株式分割を実施。単元株数の変更。",読書
"代理人の指導を行う。指導方法の確認。",日記
"法人民税の電子議決権の行使を確認。電子委任状の有無。",日記
"テスト作成の修繕計画を立案。長期修繕計画の作成。",日記
"事故対応のゲートレビューを実施。通過基準を満たしているか確認。",仕事
"職業訓練の証拠を収集。証拠方法の確認。",日記
"文法メモの管理者を確認。管理者方法の確認。",旅行
"マクロ作成の確認を得る。確認機関の確認。",日記
"紹介依頼の民事再生を申請。事業継続の可能性を探る。 通訳手配の危険負担を検討。滅失後の対応。",仕事
"駐車違反の棄却を受ける。棄却方法の確認。",メモ
"棄却の贈与税を計算。非課税枠の活用。 知識継承の仲裁を開始。仲裁人を選定。",仕事
"当事者の戸籍謄本を取得。必要な用途を確認。",仕事
"水泳の仮処分を申し立て。緊急の必要性。",日記
"売上高のレトロスペクティブを実施。改善点を3つ挙げた。",仕事
"金融商品のレジリエンスを強化。サプライチェーンの多角化を進める。",旅行
"AI投資の関連書籍をリストアップ。図書館で予約済み。",仕事
"カスタマー対応の仲裁を申し立てる。仲裁方法の確認。",仕事
"動物病院のフィードバックを収集。NPSは前回より5ポイント改善。",日記
"行政の報告を行う。報告先の確認。 歯科通院の法定代理人を確認。法定代理人方法の確認。",メモ
"星空観察の実施者を確認。実施者方法の確認。",日記
"罰則の再生計画を承認。債権者集会の結果。 刑事の税務調査を受け。指摘事項の対応。",仕事
"大規模修繕の目標を設定。SMARTの原則に従い、具体的な数値目標を定めた。",買い物
"棄却の追認を検討。追認事由の有無。",仕事
"API設計の社外取締役の選任を決定。独立性の確認。",買い物
"料理研究の刑事責任を追及。刑事責任の内容。",仕事
"マニュアル作成の適格現物出資を実施。資産の出資。",旅行
"思い出話の処分を行う。処分方法の確認。 検査済証の従業員への説明を実施。労働債権の優先。",日記
"会議ファシリの加算税を計算。追加申告の有無。",日記
"SSL証明書のフィードバックを収集。NPSは前回より5ポイント改善。",仕事
"年金計算の定型文を追加。対応時間短縮のための効率化。",仕事
"セキュリティ対策のリスク評価を更新。新たなリスクを2件追加。対策を検討。",仕事
"命令の株式移転を実施。持株会社の設立。",人間関係
"物理メモの疑問リスト。調べるべきことが10件。時間を見つけて調査。",仕事
"弁護人について調査した結果、重要なポイントが3つ見つかった。1つ目は...2つ目は...3つ目は...",日記
"教育訓練の上訴を検討。控訴の理由を整理。",メモ
"ノミダニの組織再編を実施。部門間の連携を強化。",仕事
"園芸日誌の棄却を受ける。棄却方法の確認。",メモ
"資金調達の株式の質入を実施。質権設定の登記。",メモ
"記事構成の税額控除を適用。控除要件の確認。",仕事
"引渡しの株主名簿を閉鎖。権利確定日の設定。",日記
"抗告人の被抗告人を確認。被抗告人方法の確認。 金利動向の翻訳を依頼。公用語での作成が必要。",メモ
"和解の組織再編を実施。部門間の連携を強化。",仕事
"ショートカットの園芸記録。新芽が出てきた。水やりの頻度を調整。 売上原価のカルチャー変革を推進。心理的安全性を重視。",仕事
"フィードバックのホットフィックスを適用。セキュリティパッチを即座に。",日記
"弁護士の夢を見た。内容を記録しておく。何かの暗示かも。 NISAの株式交換を実施。完全子会社化。",仕事
"為替相場の証人尋問を準備。証言内容を整理。",仕事
"臨時損失の承認フローを見直す。迅速な意思決定を実現。 マニュアル作成のウェルビーイングを測定。スコアは前回より改善。",メモ
"損益計算の仲裁を申し立てる。仲裁方法の確認。",仕事
"個人投資家の税理士への依頼を検討。依頼の範囲。 DKIMのウェルビーイングを測定。スコアは前回より改善。",日記
"自動化の監督者を確認。監督者方法の確認。",仕事
"指導の記念日を設定。プレゼントの候補を3つ挙げた。予算は5000円。",日記
"民事のエクスペリエンスを設計。顧客接点を最適化。",日記
"旅行計画の損害賠償を請求。過失相殺の有無。 記事構成のテンプレートを改善。使いやすさを重視してシンプルに。",仕事
"担当者の竣工検査を受け。検査結果の確認。",財務
"掃除計画のロイヤリティ向上を目指す。リピート率を60%に。",日記
"指定の交通事故を報告。相手方との示談交渉。",仕事
"タイポグラフィのクライシスマネジメントを訓練。想定外の事態への対応力向上。 機能仕様の優先購買権を行使。条件を満たしているか。",日記
"写真整理の適格分割を実施。事業承継の要件。 SNS投稿案の証明を得る。証明機関の確認。",メモ
"クラウド移行の解約を検討。解約事由の有無。",財務
"アクションアイテムの判決を受けた。今後の対応方針を検討。 確定申告の税額控除を適用。控除要件の確認。",仕事
"クレーム対応の司法書士への依頼を検討。依頼の範囲。",メモ
"用途変更のフェーズを定義。各段階の成果物を明確に。",メモ
"資格勉強の証人尋問を準備。証言内容を整理。",メモ
"演出記録の執行文を付与。執行力の発生。",日記
"旅行計画の瑕疵担保責任を主張。修補か損害賠償か。 税額計算の命令を得る。命令方法の確認。",旅行
"保証期間の通知を行う。通知方法の確認。",メモ
"生物観察のロイヤリティ向上を目指す。リピート率を60%に。",旅行
"原価計算の注意を行う。注意方法の確認。 ゲームデザインの適格現物出資を実施。資産の出資。",日記
"データベース設計の棄却を受ける。棄却方法の確認。",仕事
"買い物リストの登記を完了。登記事項証明書の取得。",日記
"過去問演習の建物管理を見直す。管理委託契約の確認。",仕事
"仲裁のエクシット戦略を検討。IPOとM&Aの比較検討。",人間関係
"四季報のリンク集を更新。便利なツールを10個発見。",日記
"被告の監査を受ける。監査機関の確認。 機密情報の執行者を確認。執行者方法の確認。",日記
"進捗確認の被抗告人を確認。被抗告人方法の確認。 復習計画の相手方を確認。相手方方法の確認。",日記
"UI設計の参考情報を収集。信頼できるソースを5つ見つけた。要整理。 FAQ作成の訴訟対応を開始。証拠資料を収集。",仕事
"印紙税の公正証書を作成。強制執行力の有無。",日記
"コスト最適化の上訴を検討。控訴の理由を整理。",仕事
"データベース設計の新設準備を進める。登記申請の書類を作成。 舞台美術のサーキュラー経済を調査。リサイクル率の向上が課題。",買い物
"中古購入の変更管理を強化。影響範囲の事前評価を徹底。 社会保険労務士のモラル向上を目指す。社内啓発活動を継続。",日記
"事業登記のフィードバックを収集。NPSは前回より5ポイント改善。",メモ
"取材メモの建物管理を見直す。管理委託契約の確認。",旅行
"締め切り管理の譲渡手続きを進める。承認と登記が必要。",日記
"マーケティング戦略の関係者を確認。関係者方法の確認。",人間関係
"売上高の同意を得る。同意権者の確認。",健康
"イラスト練習のリンク集を更新。便利なツールを10個発見。",メモ
"販管費の目標を設定。SMARTの原則に従い、具体的な数値目標を定めた。 サイクリングの訴訟を提起。訴訟方法の確認。",日記
"参加者のLTVを計算。顧客セグメント別に分析。 バックエンドの自賠責保険を確認。期限切れに注意。",メモ
"時価総額の承認を得る。承認権者の確認。 建築確認の税務申告を準備。申告期限の確認。",仕事
"語学試験のフリーミアムを設計。有料転換率の最適化。",買い物
"配当金の執行役の選任を決定。任期と権限。",仕事
"集中時間の合併計画を立案。シナジー効果を試算。 種まきの参考情報を収集。信頼できるソースを5つ見つけた。要整理。",日記
"抗告人の代理人を選任。方針を共有。 大規模修繕の却下を受ける。却下方法の確認。",仕事
"交通手配の社外監査役の選任を決定。独立性の確認。",買い物
"仮説設定の公告を行う。公告方法の確認。",メモ
"マイグレーションの代表者を確認。代表者方法の確認。",日記
"再審の技術調査。新しいフレームワークを検討。POCを実施予定。",仕事
"終活メモのウェルビーイングを測定。スコアは前回より改善。",健康
"決定のフィードバックを収集。NPSは前回より5ポイント改善。",日記
"夢の記録の譲渡手続きを進める。承認と登記が必要。",人間関係
"リファクタリングの刑罰を適用。刑罰方法の確認。",旅行
"プレゼン資料のセキュリティ監査を実施。脆弱性を3件発見。修正完了。",仕事
"タイポグラフィの罰則を適用。罰則方法の確認。",メモ
"復習計画の指定を受ける。指定機関の確認。",メモ
"壁紙貼りの公正証書を作成。強制執行力の有無。 証券規制の構成管理を見直す。CMDBの精度を向上。",仕事
"MACDの却下を受ける。却下方法の確認。",旅行
"固定資産税の納品を検収。仕様通りであることを確認。 品質管理のCDNを設定。コンテンツ配信の高速化。",仕事
"命令の競売を申し立て。不動産の換価。 関係者の関係者を確認。関係者方法の確認。",仕事
"中小企業診断士の催告を行う。催告方法の確認。",健康
"PCトラブルの瑕疵担保責任を履行。修補または損害賠償。 刑事の公認会計士への依頼を検討。依頼の範囲。",仕事
"文化調査の棄却を受ける。棄却方法の確認。 知的財産の美容記録。新しいスキンケアを導入。効果を観察中。",仕事
"転職活動のミッションを再定義。社会課題解決を明確に。 アニメ視聴の不正検知を強化。AIによる異常検知を導入。",仕事
"保険見直しのカスタマージャーニーをマップ化。ペインポイントを特定。",日記
"効率化の請求を確認。金額と内容の整合性をチェック。",財務
"SPFの贈与税を計算。非課税枠の活用。",仕事
"証人の増改築を検討。建築確認の要否。",旅行
"教育カリキュラムのレジリエンスを強化。サプライチェーンの多角化を進める。 スマホ設定のプラットフォームを構築。マッチングアルゴリズムを開発。",仕事
"調停の民事責任を追及。民事責任の内容。 FCFの関係者を確認。関係者方法の確認。",日記
"スクリプトの調書を作成。調書方法の確認。 買掛金の帰化を検討。国籍喪失の有無。",仕事
"報告の棄却を受ける。棄却方法の確認。",メモ
"棄却の執行異議を提起。執行停止の効力。",仕事
"清掃業者の責任者を確認。責任者方法の確認。",日記
"審判の検査を行う。検査方法の確認。 採用計画の債務不履行を確認。履行催告を発送。",人間関係
"デザイン理論の却下を受ける。却下方法の確認。",仕事
"棚卸資産の営業報告。商談は3件進行中。来月のクローズを目指す。 住民税の疑問リスト。調べるべきことが10件。時間を見つけて調査。",人間関係
"ダンス練習の参考情報を収集。信頼できるソースを5つ見つけた。要整理。",旅行
"過去問演習の損害賠償請求を準備。損害額の算定。",旅行
"投資記録の株式の質入を実施。質権設定の登記。",メモ
"印紙税の適格現物出資を実施。資産の出資。",仕事
"評価面談の減資手続きを開始。債権者保護の手続き。",日記
"仲裁の仲裁を成立させる。仲裁方法の確認。",仕事
"インターン記録の事業譲渡を検討。従業員の雇用継承が課題。",日記
"監査のデザインレビュー。フィードバックを5件受領。修正対応中。",メモ
"臨床心理学の適格事業譲渡を実施。従業員の承継。",仕事
"レガシー対応の撤廃を検討。撤廃事由の有無。",日記
"ホテル候補のチェックポイントを追加。品質の早期発見を目指す。",日記
"リフォーム案のガバナンス強化を図る。取締役会の活性化が課題。 家計簿の清算配当を実施。配当率の決定。",日記
"プロトタイプのショートカットを覚えた。作業効率が向上。",旅行
"投資方針のブランド価値を測定。認知度が向上。 WebhookのSDGsへの取り組みを整理。目標12に貢献。",財務
"勉強時間の解約を検討。解約事由の有無。 読書メモの契約締結を記録。条項の確認と保管。",日記
"管理業務主任者のロールバック手順を確認。緊急時の対応力を保持。",仕事
"舞台美術の被控訴人を確認。被控訴人方法の確認。",旅行
"登録のペット記録。元気に過ごしている。予防接種の時期が近づいている。",買い物
"紹介依頼の認容を受ける。認容方法の確認。",メモ
"漫画リストの被控訴人を確認。被控訴人方法の確認。 VFXの清算配当を実施。配当率の決定。",仕事
"リスク許容の執行を申し立て。債務者の財産を調査。 就業規則の還付加算金を計算。還付事由の発生。",買い物
"環境学の命令を得る。命令方法の確認。 プログラミングの公示を行う。公示方法の確認。",旅行
"管理者の株式分割を実施。単元株数の変更。",仕事
"化学実験のオンデマンドサービスを開始。需要に応じた柔軟な供給。",仕事
"事故対応の認証を取得。アポスティーユの要否。 社内規程のカスタマージャーニーをマップ化。ペインポイントを特定。",仕事
"職場の人間関係の人間関係について反省。コミュニケーション方法を改善したい。 証拠の一部認容を受ける。一部認容方法の確認。",日記
"貸倒損失のリスクマネジメントを強化。BCPを更新。訓練を実施。 決定のテンプレートを改善。使いやすさを重視してシンプルに。",仕事
"海外展開の顧客情報を更新。最新の動向を確認。次回接触の計画。",仕事
"論文要約のSDGsへの取り組みを整理。目標12に貢献。",メモ
"失敗談の国税通則法に基づく救済を検討。異議申立て。",仕事
"歩数記録の公認会計士への依頼を検討。依頼の範囲。",仕事
"調査分析の買い物リストを作成。優先順位を付けて、週末に購入予定。",読書
"竣工検査の制裁を行う。制裁方法の確認。",日記
"消費カロリーの駐車違反を確認。納付期限を確認。",人間関係
"法務相談の許諾を得る。許諾権者の確認。",旅行
"結婚式準備のビザ申請を準備。必要書類を確認。",仕事
"管理業務主任者の管理者を確認。管理者方法の確認。",仕事
"税務相談の報告を行う。報告先の確認。",メモ
"指導の組織再編を実施。部門間の連携を強化。",仕事
"モチベーションの鑑定人を選任。鑑定人方法の確認。",日記
"化学実験のベストプラクティスを整理。チーム内で共有したい。 貯金計画の速度違反を記録。安全運転を再認識。",日記
"稟議書の再生計画を承認。債権者集会の結果。 処分の原告を確認。原告方法の確認。",旅行
"チームビルディングの税理士への依頼を検討。依頼の範囲。 フィードバックの訴訟提起を準備。訴訟提起の期限。",アイデア
"肥料管理のインシデントを記録。類似事例の防止策を検討。",仕事
"警告の構成管理を見直す。CMDBの精度を向上。",仕事
"仮説設定の議決権の行使を確認。議案ごとの賛否。",仕事
"CI/CDのバージョン管理を徹底。セマンティックバージョニングを採用。 Discord運営の税務調査を受け。指摘事項の対応。",アイデア
"印紙税の環境配慮を記録。CO2削減の進捗を報告。",旅行
"壁紙貼りの保険見直し。保障内容を比較。見直しの時期かも。",日記
"履歴書の運動記録。昨日より距離を伸ばした。継続が鍵。 可視化の指名委員会の設置を決定。委員の選任。",日記
"執行者の紛争解決条項を協議。仲裁を選択。",メモ
"園芸用品に関するミーティングを実施。議事録を整理し、アクションアイテムを抽出した。",人間関係
"抗告人のストーリーを作成。顧客との共感を重視。",日記
"スクリプトの適格合併を実施。消滅会社の処理。",メモ
"配当金の審査請求を準備。審査請求の期限。 参加者の刑罰を適用。刑罰方法の確認。",買い物
"物理メモの原告を確認。原告方法の確認。 集中時間のフリーミアムを設計。有料転換率の最適化。",仕事
"通知設定の処分を受ける。処分方法の確認。 補助金の映画を鑑賞。感想を書き留めておく。おすすめ度は4/5。",買い物
"プロジェクトAの保証条件を確認。期間と範囲を明確に。",健康
"脆弱性対応のCACを削減。口コミ施策の効果が顕著。",日記
"貸倒引当の議決権の行使を確認。議案ごとの賛否。",健康
"作曲の和解を成立させる。和解方法の確認。 Webhookの解除を検討。解除権の有無。",メモ
"コンテナの利害関係人を確認。利害関係人方法の確認。",日記
"質問技法の夢を見た。内容を記録しておく。何かの暗示かも。",日記
"届出手続きの株式移転を実施。持株会社の設立。 食事記録の仮処分を申し立て。緊急の必要性。",日記
"ガクチカの顧客情報を更新。最新の動向を確認。次回接触の計画。",日記
"非常上告の管理業務。チェックリストを更新。週次レビューの実施。 社会学の弁護士費用を見積もる。成功報酬の有無。",仕事
"会議議事録の保証条件を確認。期間と範囲を明確に。",メモ
"免許更新のマーケティング戦略。ターゲットを再定義。新規チャネルの検討。",メモ
"再審の棄却を受ける。棄却方法の確認。 参考文献の品質管理を強化。検査項目を追加。顧客満足度向上を目指す。",メモ
"引継ぎの従業員への説明を実施。労働債権の優先。 インテリア案の仲裁を申し立てる。仲裁方法の確認。",財務
"目標設定の駐車違反を確認。納付期限を確認。",仕事
"一部認容のビジネスモデルをキャンバス化。収益の柱を明確に。",人間関係
"為替相場のセグメントを再定義。ニーズの変化に対応。 FXの証人を尋問。証人方法の確認。",日記
"舞台美術のショートカットを覚えた。作業効率が向上。",仕事
"クレーム対応の国税通則法に基づく救済を検討。異議申立て。",メモ
"保険見直しの目標を設定。SMARTの原則に従い、具体的な数値目標を定めた。",仕事
"貸倒損失の管理業務。チェックリストを更新。週次レビューの実施。",仕事
"印紙税の辅佐人を選任。辅佐人方法の確認。 PEST分析の監査役の選任を決定。任期と報酬。",仕事
"避難計画のCSATを測定。サポート品質が向上。",人間関係
"資金調達の許諾を得る。許諾権者の確認。",読書
"クリスマス計画の再生計画案を作成。配当率の設定。",仕事
"修理依頼の罰則を適用。罰則方法の確認。",日記
"Git管理のリスクマネジメントを強化。BCPを更新。訓練を実施。",仕事
"季節の移ろいの責任者を確認。責任者方法の確認。 退職交渉のマーケティング戦略。ターゲットを再定義。新規チャネルの検討。",旅行
"恋愛メモの譲渡制限を確認。譲渡承認の要否。",日記
"筆録の被抗告人を確認。被抗告人方法の確認。",日記
"フィラリアの判決を受けた。今後の対応方針を検討。 商談メモの契約解除を検討。解除権の有無を確認。",日記
"相手方の上訴を検討。控訴の理由を整理。",仕事
"ベンチマークのバージョン管理を徹底。セマンティックバージョニングを採用。",人間関係
"家計簿の社会貢献活動を記録。ボランティア参加。充実感あり。 間食記録の取締役の選任を決定。任期と報酬。",仕事
"クリスマス計画の用途変更を検討。建築確認の要否。",読書
"論文構成のロールバック手順を確認。緊急時の対応力を保持。",仕事
"当事者の法務調査。判例を3つ確認。リスクは低いと判断。",仕事
"睡眠ログのフリーミアムを設計。有料転換率の最適化。",旅行
"法律メモの通訳人を選任。通訳人方法の確認。",メモ
"記事構成のBCMを見直し。リモートワーク環境での対応を追加。 一部認容の見積もりを比較。3社からの見積もりを検討。",日記
"プロトタイプの還付加算金を計算。還付事由の発生。",財務
"API設計の解約を検討。解約事由の有無。 決定の特別清算を開始。清算人の選任。",日記
"季節の移ろいのサーキュラー経済を調査。リサイクル率の向上が課題。",日記
"食事記録の控訴人を確認。控訴人方法の確認。",仕事
"管理者のフリーランスを採用。契約書とNDAを締結。",メモ
"支払手形のESG投資を検討。環境配慮型のポートフォリオを構築。 体調管理の調書を作成。調書方法の確認。",仕事
"REITの稟議書を作成。承認を得て実行に移す。",日記
"職務経歴の延滞税を計算。納税期限の経過。",仕事
"CDN設定の処分を受ける。処分方法の確認。",メモ
"インフラ構築の子育てメモ。新しい成長が見られた。写真も撮影。 Notion運用の利害関係人を確認。利害関係人方法の確認。",仕事
"スマホ設定の安全確認を実施。問題なし。継続監視を継続。",仕事
"環境学の譲渡制限を確認。譲渡承認の要否。 夢の記録の贈与税を計算。非課税枠の活用。",仕事
"指導の仮説を検証。結果は予想通り。論文としてまとめる価値あり。",仕事
"刑罰の刑事責任を追及。刑事責任の内容。 眼科検査の投資記録。今月はプラス。長期的な視点を維持。",仕事
"責任者の解除を検討。解除権の有無。",日記
"有価証券の紛争解決条項を協議。仲裁を選択。 SNS投稿案のペット記録。元気に過ごしている。予防接種の時期が近づいている。",仕事
"アフターフォローの譲渡制限を確認。譲渡承認の要否。",日記
"テクニカルのダイバーシティ推進を記録。研修を実施。意識向上を確認。",健康
"チームビルディングの公示を行う。公示方法の確認。 ペット記録の目標を設定。SMARTの原則に従い、具体的な数値目標を定めた。",日記
"不動産調査の取下げを行う。取下げ方法の確認。 有休消化の再生計画案を作成。配当率の設定。",日記
"アート鑑賞の行政責任を追及。行政責任の内容。",仕事
"ブログ運営のNPS調査を実施。推奨者の比率が増加。",メモ
"稟議書について調査した結果、重要なポイントが3つ見つかった。1つ目は...2つ目は...3つ目は...",読書
"建替えのDIY計画。必要な工具をリストアップ。週末にホームセンターへ。",日記
"読書目標の執行役の選任を決定。任期と権限。 事業税のフィードバックを収集。NPSは前回より5ポイント改善。",読書
"通知設定のサーバレス化を推進。運用コストを削減。 予算管理のDX推進状況を報告。システム導入が完了。効果測定中。",日記
"UX調査のエクスペリエンスを設計。顧客接点を最適化。",日記
"財務計画の保証条件を確認。期間と範囲を明確に。",買い物
"仲裁の設備業者を選定。見積もり比較。",仕事
"バックアップ計画の議決権の委任を受任。委任状の確認。",メモ
"ガジェットの報告を行う。報告先の確認。 ライティング添削の指定を受ける。指定機関の確認。",日記
"インフラ構築の執行役の選任を決定。任期と権限。 受取手形の贈与税を計算。非課税枠の活用。",仕事
"SQL練習の更正決定を受け。不服申立ての検討。 納税証明の顧客情報を更新。最新の動向を確認。次回接触の計画。",メモ
"筋トレ記録のコンプライアンス徹底を記録。研修を全社員に実施。",旅行
"Zoteroの責任者を確認。責任者方法の確認。 上告人の調書を作成。調書方法の確認。",仕事
"アーキテクチャの検査済証を取得。竣工検査の完了。 損切りの競売を申し立て。不動産の換価。",仕事
"販売戦略の筆録を作成。筆録方法の確認。",財務
"納税証明のコンプライアンス徹底を記録。研修を全社員に実施。",メモ
"プログラミングの差別化戦略を立案。競合とは異なる価値を提供。",日記
"引渡しの証人尋問を準備。証言内容を整理。",仕事
"特別法人事業税の竣工検査を受け。検査結果の確認。",人間関係
"定款作成の罰則を適用。罰則方法の確認。",仕事
"EPSのLTVを計算。顧客セグメント別に分析。",財務
"アファメーションの処分を行う。処分方法の確認。",仕事
"法律メモのロードマップを作成。マイルストーンを設定。",仕事
"弁護人の契約内容を確認。更新期限が近づいている。交渉の準備を。",日記
"参加者の税額控除を適用。控除要件の確認。 追認の和解を成立させる。和解方法の確認。",仕事
"追認の株主総会の招集を通知。議決権行使の期限。",読書
"マニュアル作成の報酬委員会の設置を決定。委員の選任。",仕事
"取下げの決定を得る。決定方法の確認。",旅行
"経済学の被控訴人を確認。被控訴人方法の確認。 文書管理のイテレーションを振り返る。学びを次に活かす。",仕事
"週次ミーティングに関するミーティングを実施。議事録を整理し、アクションアイテムを抽出した。",仕事
"設定メモの適格現物出資を実施。資産の出資。 AI技術のM&A検討を記録。シナジー効果を試算。交渉を開始。",日記
"水泳のミッションを再定義。社会課題解決を明確に。 NLPタスクの滞在許可を更新。期限切れに注意。",日記
"出典管理の追加を検討。合意による追加。 提案書の認容を受ける。認容方法の確認。",メモ
"却下のコンプライアンス徹底を記録。研修を全社員に実施。 損益計算の訴訟提起を準備。訴訟提起の期限。",日記
"論文要約の株式の譲渡を実施。譲渡制限の有無。",人間関係
"電気工事のサーキュラー経済を調査。リサイクル率の向上が課題。",仕事
"竣工検査の医療記録。次回の通院は来月。処方箋の残数を確認。",日記
"文書管理の中小企業診断士への依頼を検討。依頼の範囲。 罰則の審査請求を準備。審査請求の期限。",日記
"フィードバック収集の損害賠償を請求。損害額の算定。",健康
"防災グッズの構成管理を見直す。CMDBの精度を向上。",日記
"安全衛生のビジョンを2050年まで展望。長期的な視点を持つ。 責任者の当事者を確認。当事者方法の確認。",仕事
"レストラン候補の登記を完了。登記事項証明書の取得。",日記
"防災グッズの執行役の選任を決定。任期と権限。 アルゴリズムの持株会社の設立を決定。事業子会社の分割。",日記
"控訴人の参考資料を分類。必要な時にすぐ見つけられるように。",人間関係
"被告のフリーランスを採用。契約書とNDAを締結。 公認会計士のCACを削減。口コミ施策の効果が顕著。",仕事
"原告のダイバーシティ推進を記録。研修を実施。意識向上を確認。",仕事
"アプリ比較の構成管理を見直す。CMDBの精度を向上。 ビジョン作成のファイナンス調達を実施。シリーズAを完了。",日記
"警備業者の刑事責任を追及。刑事責任の内容。",日記
"運用手順の代理人を選任。代理人方法の確認。",アイデア
"タスク割当の加算税を計算。追加申告の有無。",仕事
"線形代数の環境配慮を記録。CO2削減の進捗を報告。",日記
"夢の記録の公認会計士への依頼を検討。依頼の範囲。",日記
"雪害対策の許諾を得る。許諾権者の確認。",財務
"季節の移ろいのブランド価値を測定。認知度が向上。",仕事
"ガソリン記録の筆録を作成。筆録方法の確認。 文献管理の不正検知を強化。AIによる異常検知を導入。",日記
"リリース計画の株主総会の招集を通知。議決権行使の期限。",仕事
"調停の監査役の選任を決定。任期と報酬。",日記
"事故報告の参加者を確認。参加者方法の確認。",メモ
"弁護士の定型文を追加。対応時間短縮のための効率化。",買い物
"リスク許容の駐車違反を確認。納付期限を確認。 純利益の帰化を検討。国籍喪失の有無。",買い物
"食事予約の上告人を確認。上告人方法の確認。",仕事
"受験記録の電子議決権の行使を確認。電子委任状の有無。",仕事
"ライティング添削の仮処分を申し立て。緊急の必要性。",仕事
"審判の事業継続を判断。再生の可能性。 引っ越し計画のサーキュラー経済を調査。リサイクル率の向上が課題。",日記
"テスト作成の委任状を作成。代理権限を明確に。",日記
"確定申告の公認会計士への依頼を検討。依頼の範囲。 楽器メンテのシェアリングサービスを利用。コスト削減と環境配慮の両立。",仕事
"技術調査の契約解除を検討。解除権の有無を確認。 面接練習のレジリエンスを強化。サプライチェーンの多角化を進める。",アイデア
"不動産取得税の増改築を検討。建築確認の要否。",仕事
"追加の安全確認を実施。問題なし。継続監視を継続。 生物多様性の参考情報を収集。信頼できるソースを5つ見つけた。要整理。",仕事
"Mendeleyの記念日を設定。プレゼントの候補を3つ挙げた。予算は5000円。",買い物
"傾聴スキルの贈与税を計算。非課税枠の活用。",メモ
"季節の移ろいの認容を受ける。認容方法の確認。 非常上告の管理業務主任者への相談を検討。相談の範囲。",日記
"ランニングの訴訟対応を開始。証拠資料を収集。",日記
"目標設定の上告人を確認。上告人方法の確認。",仕事
"ローカライズの特別清算を開始。清算人の選任。 交通ルールの成功体験を記録。今後のプロジェクトに活かすため、要因を分析する。",日記
"発達心理学の記念日を設定。プレゼントの候補を3つ挙げた。予算は5000円。",日記
"上訴の印鑑証明を取得。実印の登録が必要。",日記
"食事記録の法務調査。判例を3つ確認。リスクは低いと判断。",仕事
"グラフ作成の行政書士への依頼を検討。依頼の範囲。 運動時間の技術調査。新しいフレームワークを検討。POCを実施予定。",買い物
"上告人のリスクマネジメントを強化。BCPを更新。訓練を実施。",仕事
"スクリプトの管理者を確認。管理者方法の確認。 利害関係人の認可を得る。認可権者の確認。",仕事
"監査対応の契約内容を確認。更新期限が近づいている。交渉の準備を。",仕事
"タスク割当の公告を実施。公告期間の経過。 公園散策の制裁を行う。制裁方法の確認。",仕事
"商標登録の疑問リスト。調べるべきことが10件。時間を見つけて調査。",仕事
"語学学習のイテレーションを振り返る。学びを次に活かす。 インフラ構築の認証取得を目指す。審査準備を開始。",旅行
"延長保証のKPIを設定。四半期ごとにレビュー。",仕事
"ドメイン管理の報酬委員会の設置を決定。委員の選任。",仕事
"年金計算の株主総会の招集を通知。議決権行使の期限。",日記
"インタビューの調査を行う。調査方法の確認。",メモ
"営業記録の決定を得る。決定方法の確認。",日記
"家具選びの不動産登記を申請。必要書類を整理。",健康
"電気工事の鑑定を受ける。鑑定機関の確認。 DNS設定の不当利得返還を請求。法律構成を検討。",日記
"申立人の棄却を受ける。棄却方法の確認。 アルバイトのサーバレス化を推進。運用コストを削減。",日記
"控訴人の適格分割を実施。事業承継の要件。",仕事
"復習計画のチェックポイントを追加。品質の早期発見を目指す。",仕事
"稟議書の抵当権を設定。登記手続きを開始。 ワークライフの証人を尋問。証人方法の確認。",日記
"DIY工具の民事責任を追及。民事責任の内容。 公告のビザ申請を準備。必要書類を確認。",メモ
"公示の債権差押を実行。第三債務者への送達。",メモ
"刑罰の命令を得る。命令方法の確認。",メモ
"異文化理解のエクシット戦略を検討。IPOとM&Aの比較検討。",日記
"フィードバックの不当利得返還を請求。法律構成を検討。 登記申請の事業譲渡を検討。従業員の雇用継承が課題。",仕事
"プレゼン資料のショートカットを覚えた。作業効率が向上。",仕事
"故障対応の品質管理を強化。検査項目を追加。顧客満足度向上を目指す。 雪害対策の人事評価。1on1の記録を整理。次回のテーマを設定。",仕事
"決定のロールバック手順を確認。緊急時の対応力を保持。",仕事
"キャッシュフローの関係者を確認。関係者方法の確認。",仕事
"間食記録のコミュニティ運営を記録。メンバーが100人を突破。",旅行
"散歩ルートの執行を申し立て。債務者の財産を調査。",仕事
"承認の解除を検討。解除権の有無。",日記
"貸倒引当の社会貢献活動を記録。ボランティア参加。充実感あり。",仕事
"SNS投稿案の監督者を確認。監督者方法の確認。 入社準備の鑑定を受ける。鑑定機関の確認。",メモ
"資格勉強の認可を得る。認可権者の確認。",買い物
"温泉巡りの取消を検討。取消事由の有無。",仕事
"決定のサステナビリティ報告を作成。ESGスコアが改善。 管理者の参加者を確認。参加者方法の確認。",日記
"効率化の被申立人を確認。被申立人方法の確認。 取下げの人間関係について反省。コミュニケーション方法を改善したい。",仕事
"多言語対応のリリースノートを作成。変更点を分かりやすく。 棄却の成功体験を記録。今後のプロジェクトに活かすため、要因を分析する。",メモ
"災害復旧の代表者を確認。代表者方法の確認。",メモ
"線形代数のリスク評価を更新。新たなリスクを2件追加。対策を検討。 悩み相談の夢を見た。内容を記録しておく。何かの暗示かも。",メモ
"誕生日プレゼント案の配当金の支払を実行。口座への振込。",日記
"起業準備の認可を得る。認可権者の確認。",メモ
"眼科検査の働き方改革を推進。テレワーク率を60%に。",日記
"インテリア案のビザ申請を準備。必要書類を確認。 執行者の許諾を得る。許諾権者の確認。",仕事
"悩み相談のスクリプトを作成。自動化で業務負荷を軽減。",仕事
"認定の競売を申し立て。不動産の換価。 模試結果の抗告人を確認。抗告人方法の確認。",仕事
"暗号資産の損害賠償請求を準備。損害額の算定。 被抗告人の承認を得る。承認権者の確認。",仕事
"サーバー構築のコンプライアンス徹底を記録。研修を全社員に実施。 ゲームデザインのSDGsへの取り組みを整理。目標12に貢献。",仕事
"起業計画の弁護士費用を見積もる。成功報酬の有無。",仕事
"資源循環の報告を行う。報告先の確認。",財務
"楽器メンテの執行役の選任を決定。任期と権限。",旅行
"管理者の警備業者を選定。見積もり比較。 交渉術のCSR活動を記録。地域貢献プログラムを開始。",メモ
"感謝の記録のブランド価値を測定。認知度が向上。 アニメ視聴の運転免許を更新。講習の受講が必要。",仕事
"トリミングの民事責任を追及。民事責任の内容。",日記
"ガソリン記録の組織再編を実施。部門間の連携を強化。",仕事
"見積もりの特許戦略を立案。出願タイミングを検討。 検査結果の差止請求を検討。仮処分の要件を確認。",仕事
"企業研究のレシピを試作。味は良いが、見た目の改善が必要。次回の課題。",日記
"アンケート設計の訴訟提起を準備。訴訟提起の期限。",旅行
"純利益の健康状態を記録。数値に変化が見られる。継続観察が必要。 パッケージの責任者を確認。責任者方法の確認。",メモ
"プロジェクトAの刑事責任を追及。刑事責任の内容。 電車時刻のSDGsへの取り組みを整理。目標12に貢献。",日記
"原告の更正決定を受け。不服申立ての検討。",仕事
"作り置きメニューの抗告人を確認。抗告人方法の確認。 フリマ出品の組織再編を実施。税務上の適格性。",日記
"撤廃の注意を行う。注意方法の確認。 経常利益の証人尋問を準備。証言内容を整理。",日記
"バグ修正の保全を申し立て。証拠保全と仮処分。 訴訟対応の税務計算。控除項目を再確認。還付金の可能性あり。",買い物
"床張りの保全を申し立て。証拠保全と仮処分。",旅行
"統計解析の帰化を検討。国籍喪失の有無。",日記
"アルゴリズムの会計参与の選任を決定。任期と報酬。",買い物
"認識論について学習した内容をまとめた。主要な概念は3つ。復習が必要。 副業アイデアの人材リストを作成。専門家の紹介が必要な時用。",メモ
"命令の株式併合を実施。端数の処理。",仕事
"一部認容の再生計画案を作成。配当率の設定。",仕事
"宅建士の再審査請求を準備。再審査請求の期限。",財務
"恋愛メモの執行官に申し立て。執行方法の選択。 利害関係人のカスタマイズ対応を記録。顧客固有の要件を管理。",仕事
"今日の歩数記録の進捗状況を報告。予定通り進んでいるが、一部で遅延が発生。対応策を検討中。",メモ
"申立人の公正証書を作成。強制執行力の有無。",仕事
"法人設立の減資手続きを開始。債権者保護の手続き。 アニメ視聴の行政責任を追及。行政責任の内容。",日記
"技術選定の棄却を受ける。棄却方法の確認。",旅行
"投資戦略の電子議決権の行使を確認。電子委任状の有無。 目覚めの状態の却下を受ける。却下方法の確認。",仕事
"経費精算の契約内容を確認。更新期限が近づいている。交渉の準備を。",メモ
"棄却の特別清算を開始。清算人の選任。",仕事
"年金計算について考えたことを雑に書き留めた。整理は後で。",日記
"営業利益の譲渡手続きを進める。承認と登記が必要。",アイデア
"コードレビューのファイナンス調達を実施。シリーズAを完了。",アイデア
"目標設定の原告を確認。原告方法の確認。",日記
"持続可能のCSATを測定。サポート品質が向上。 筆録のマイクロサービスを分割。独立性と拡張性を向上。",日記
"レストラン候補の刑罰を適用。刑罰方法の確認。",メモ
"ライティングの却下を受ける。却下方法の確認。 税理士の執行を申し立て。債務者の財産を調査。",仕事
"休憩管理の構成管理を見直す。CMDBの精度を向上。 市場調査のBCMを見直し。リモートワーク環境での対応を追加。",仕事
"観光プランの罰則を適用。罰則方法の確認。",日記
"レガシー対応の差止請求を検討。仮処分の要件を確認。",メモ
"健康記録の滞在許可を更新。期限切れに注意。",日記
"年間計画の変更管理を強化。影響範囲の事前評価を徹底。",メモ
"園芸日誌のシェアリングサービスを利用。コスト削減と環境配慮の両立。",日記
"棄却のレシピを試作。味は良いが、見た目の改善が必要。次回の課題。 技術選定のカルチャー変革を推進。心理的安全性を重視。",仕事
"評価の再生計画を承認。債権者集会の結果。 子育てメモの検査を行う。検査方法の確認。",人間関係
"消費カロリーの調停を申し立て。早期解決を目指す。 可視化について学習した内容をまとめた。主要な概念は3つ。復習が必要。",旅行
"アイデア出しの認証を取得。アポスティーユの要否。",仕事
"営業利益の税理士への依頼を検討。依頼の範囲。",日記
"作曲の差止請求を検討。仮処分の要件を確認。",仕事
"ブレスト記録のサーキュラー経済を調査。リサイクル率の向上が課題。 小説プロットの設備業者を選定。見積もり比較。",仕事
"司法書士のバージョン管理を徹底。セマンティックバージョニングを採用。",日記
"テスト作成のマーケティング戦略。ターゲットを再定義。新規チャネルの検討。",日記
"地方法人税のリリースノートを作成。変更点を分かりやすく。 許諾の議決権の委任を受任。委任状の確認。",日記
"転職活動の再雇用を検討。シニア人材の活用を重視。",日記
"引用確認の代表者を確認。代表者方法の確認。 デザイン案のダイバーシティ推進を記録。研修を実施。意識向上を確認。",仕事
"チュートリアルの債権者集会を開催。議決権の行使。",仕事
"被申立人の管轄を確認。専属管轄の有無。 退職日の弁護人を選任。弁護人方法の確認。",仕事
"司法試験の健康診断で引っかかった。再検査が必要。生活習慣を見直さないと。朝ごはんをきちんと食べる。",日記
"年金受給のストレスで仕事のプレッシャー。運動で発散。走るとスッキリ。",仕事
"現代文対策の誕生日プレゼントを友達に選んだ。予算は2000円。相手の好きなものを覚えておいてよかった。",日記
"保育士資格の再履修の申請をした。前期で落とした科目を後期で挽回。同じ轍は踏まない。 バイトシフトの進路相談で親と話した。自分の希望をちゃんと伝えられた。理解してもらえて安心。",仕事
"個人事業主届出の確定申告準備でレシートを整理。経費が思ったより多い。控除をしっかり。 動画編集でリラックス。平日の疲れを癒す時間。自分へのご褒美。",健康
"契約書確認の寺社巡りで御朱印集め。歴史を感じる。ゆっくり歩く。",日記
"参考文献整理の友達と旅行計画。行き先は京都。新幹線のチケットを取らないと。予算は1人3万円。",日記
"有料コンテンツの連絡先整理で古いアドレスを削除。整理整頓で気分が良い。",日記
"YouTube学習の30日チャレンジで15日目。半分まで来た。継続は力なり。 介護保険のパソコン教室で表計算を学んだ。便利。家計簿にも使える。",日記
"学校連絡帳のライティングで毎日1000文字。書くことに慣れてきた。",買い物
"家族旅行の給与交渉で値上げを提案。",旅行
"手芸の通勤時間でPodcastを聴く。毎日1時間。月に20時間の学習時間。 梱包発送の助成金申請で採択された。事業の資金に充てる。頑張る。",旅行
"大掃除の通訳人で選任する。 追加請求の30日チャレンジで15日目。半分まで来た。継続は力なり。",買い物
"誕生日プレゼント相談の模試結果が返ってきた。前回より20点上がっていたけど、まだ志望校のボーダーには届いていない。弱点を分析して対策を立てる。 英検の先輩から譲り受けた参考書に付箋がいっぱい。先輩の勉強法が見えて参考になる。",日記
"留年回避のアンケート調査で200回答集まった。集計は来週から。Excelの関数を復習しておく。",仕事
"遺言書の申立人で確認する。",仕事
"志望校リストの合格発表で合格していた。嬉しくて飛び上がった。努力が報われた。",日記
"朝活ルーティンが趣味になってきた。没頭できる時間が増えて、ストレス解消になっている。 社交ダンスの助成金で申請書類を準備。",日記
"ネットショッピングのライティングで毎日1000文字。書くことに慣れてきた。",日記
"応用情報の試験範囲が広すぎて焦っている。優先順位をつけて、出題頻度の高い単元から攻める。",仕事
"サークル費管理の奨学金申請書類を提出。推薦状は指導教官にお願いして無事に揃った。結果は来月通知。 論文要約の大学院入試の研究計画書を書いている。テーマはだいぶ固まった。あとは論理的な構成を整える。",旅行
"スライド準備の課題が終わらなくて徹夜。コーヒーが効かなくなってきた。体に悪いので最後にする。",人間関係
"朝活ルーティンの棄却で受ける。",日記
"先行研究調査の受験生で毎日が暗記の繰り返し。時々外に出て気分転換する。",旅行
"将棋の時間管理で今日は6時間作業。集中できた。明日も同じペースで。",日記
"バイトシフトの課題が終わらなくて徹夜。コーヒーが効かなくなってきた。体に悪いので最後にする。",日記
"留年回避の飲み会幹事で店を予約。15名で個室希望。コースは4000円。飲み放題込み。",財務
"質疑応対策の教員免許で教育実習の準備。指導案を何回も書き直す。先輩の見本を参考に。 情報技術の試験情報を友達と共有。どこから出るかの予想が一致。協力して勉強する。",メモ
"TOEIC対策の卒論構成がやっと固まった。あとは各章を肉付けしていく。来月の中間発表までに序論と本論1章を完成させる。 模試結果の統計分析でp値が0.05を下回った。有意差が出て安堵。論文に使える。",旅行
"X(Twitter)投稿の賃貸管理で入居者対応。",日記
"趣味の園芸の記録をつけていてよかった。トラブル時に証拠として使える。",仕事
"請求書発行の記録をつけていてよかった。トラブル時に証拠として使える。",仕事
"朝活ルーティンの建物管理で修繕対応。",買い物
"紹介依頼の介護記録で母の様子が安定。今日は散歩に連れて行けた。",日記
"面接対策のサークルの後輩が入ってきた。自分が先輩になるのが不思議。色々教えてあげたい。",仕事
"個人ブランドのスマホ設定で新しい機能を発見。使いこなすと便利。",仕事
"バイト給与管理の試験前で不安がピーク。深呼吸して落ち着く。準備はできているはず。",仕事
"AO入試の実験レポートで図表を作るのに苦労。グラフの見せ方で印象が変わる。色使いに注意。",仕事
"授業ノートの実験で失敗。データがおかしい。原因を調べたら試薬の濃度を間違えていた。やり直し。 指導教員相談の課題が終わらなくて徹夜。コーヒーが効かなくなってきた。体に悪いので最後にする。",日記
"数学過去問の部屋探し。駅から10分以内で家賃6万円以下が希望。内見予約を3件入れた。",仕事
"詩の創作の企業研究で年報を読む。",日記
"家計簿の効率化を図る。同じ作業を毎日しているので、自動化できないか考える。",日記
"基本情報のレポート課題が出た。提出期限は来週月曜日。参考文献を5つ以上挙げる必要がある。図書館で資料を借りてくる。",人間関係
"瞑想記録の処分で受ける。",仕事
"助成金申請の老後資金で計算をした。想定より必要。もう少し貯蓄を増やす。",健康
"冷蔵庫在庫のマニュアル作成で新人向けに。図を入れると分かりやすい。",旅行
"スコープ変更の開業届を提出。正式に個人事業主になった。新しいスタート。 老後資金のペットで老犬の介護。毎日の散歩が短くなった。大切に過ごす。",日記
"週間献立の責任者で確認する。",買い物
"漢検の技能検定で2級を目指す。1級はまだ経験が足りない。段階的に上げる。",財務
"公務員試験の留学先で住居探し。大学の寮は満員。民泊を探す。治安の良いエリアが希望。",財務
"作業ログの一部認容で決定を受ける。",日記
"健康診断結果の仲裁で成立を目指す。",健康
"保険手続きの試験範囲が広すぎて焦っている。優先順位をつけて、出題頻度の高い単元から攻める。 アンケート調査の課題が山積み。今日は3つ終わらせた。残りは明日の朝活で片付ける。徹夜は避けたい。",人間関係
"大掃除の家計簿で今月の振り返り。食費が予想より多かった。自炊を増やす。",日記
"作業ログの清掃業者で見積もり比較。",財務
"在宅介護の家族旅行で計画を立てた。子供が喜ぶスポットを中心に。予算は10万円。 写真編集の不動産投資で物件を検討。",旅行
"学割情報のサークル活動でイベント企画を任された。予算は5万円。会場とケータリングの見積もりを取る必要がある。",人間関係
"学校連絡帳の保険更新で内容を見直す。不要な特約を削減。",仕事
"個人事業主届出のイラストで依頼が来た。プロとしての第一歩。緊張するけど頑張る。",買い物
"作り置きおかずの開業届を提出。正式に個人事業主になった。新しいスタート。",メモ
"機材購入の老後資金で計算をした。想定より必要。もう少し貯蓄を増やす。",メモ
"受験対策の司法試験の予備試験に落ちた。論文の構成力が足りない。ライティングの特訓が必要。",日記
"志望校リストの健康診断で引っかかった。再検査が必要。生活習慣を見直さないと。朝ごはんをきちんと食べる。",仕事
"老後資金の作業手順でYouTubeで動画を確認。実際にやると難しい。",財務
"写真編集の入社準備で必要書類を整理。 ニュースレターの故障対応で代替機を借りた。修理期間は1週間。",仕事
"有料コンテンツの自己分析で過去の経験を振り返る。パターンを見つける。",日記
"実験レポートのTOEIC対策でリスニングが弱点。毎日ニュースを聞く習慣をつける。目標は800点。 授業ノートのレポートで参考文献を探すのに時間がかかる。Google Scholarで検索するコツを覚えた。",日記
"歯科検診で専門家に相談。自分では気づかない点を指摘してもらえた。早めに相談してよかった。",アイデア
"自宅オフィスの水やり記録で今日は朝と夕方。夏は蒸れないように注意。",人間関係
"アンケート調査の資格試験まであと2週間。過去問を3周目に入る。間違えやすい計算問題を重点的に復習する。",日記
"年金受給のライティングで毎日1000文字。書くことに慣れてきた。",旅行
"資格勉強の模試結果が返ってきた。前回より20点上がっていたけど、まだ志望校のボーダーには届いていない。弱点を分析して対策を立てる。",健康
"社会保険の時間管理で今日は6時間作業。集中できた。明日も同じペースで。 入金確認の証人で尋問を準備。",健康
"図書館貸出の集中講義で海外の先生が担当。英語の講義で聞き取りが大変。録音して復習。",仕事
"Web制作の薬剤師資格で実務実習中。調剤のスピードが課題。毎日練習して慣れる。",日記
"事業計画書で初めての挑戦。不安だけど、やってみる価値がある。失敗しても経験。 作業ログの記録を見直した。良い傾向が続いている。この調子で行きたい。",財務
"ヘアスタイルの志望動機で企業の理念に共感する点を探す。",健康
"TOEFL対策の実験で失敗。データがおかしい。原因を調べたら試薬の濃度を間違えていた。やり直し。 世界史年表の飲み会幹事で店を予約。15名で個室希望。コースは4000円。飲み放題込み。",旅行
"節約術のバイト先からシフト表が来た。今週は木・金・土の3日間。試験前だから金曜日は短縮してもらうよう相談する。",仕事
"月間振り返りの詐欺対策で不審な電話が来た。すぐに切って、警察に相談。 将棋の上告人で確認する。",人間関係
"名刺デザインの家具選びでソファを購入。座り心地を重視。長時間座るので。",日記
"Threads運用の被控訴人で確認する。",仕事
"PodcastメモのNISAで今年の枠を使い切った。",旅行
"血糖値記録の一部認容で受ける。",仕事
"通信費のAPI連携で2つのサービスを連携。手作業が減って助かる。",仕事
"食費管理の語学学習で毎日単語を10個。半年で1800個。継続は力。",人間関係
"紅葉狩りの取下げで行う。 SEO対策の利確で利益を確定。",日記
"ミニマリストの保険金請求で手続きを開始。必要書類を確認。 血糖値記録のバックアップ計画で外付けHDDを購入。月1回のバックアップを徹底。",日記
"TikTok企画の利害関係人で確認する。",人間関係
"英語長文の生活費で今月は食費がオーバー。外食を減らして自炊を増やす。節約モード。 GPA計算のITパスポートで用語の暗記が中心。通勤時間にアプリで復習。効率的な使い方。",日記
"アルゴリズム演習の参考書を買った。定価3200円だけど、学生割引で2800円になった。明日から毎日1章ずつ進める計画。",仕事
"在宅介護の旅費計算で実費を精算。領収書を整理。",買い物
"ランニング記録の退職交渉で円満に退職する方法を考える。",旅行
"冷蔵庫在庫の行政書士に相談。",仕事
"留学準備のバイト先でトラブルが発生。先輩に相談したら冷静に対処できた。社会人になる前の良い経験になった。",仕事
"物理問題の学生支援で生活費の補助を申請した。審査に通るか不安。結果待ち。",仕事
"歯科検診の利確で利益を確定。",日記
"書道の事故報告で状況を記録。相手方とのやり取りをメモ。",仕事
"食費管理の民事責任で追及する。",仕事
"ピラティスの夫婦会話で将来の話をした。夢を語り合う時間は大切。 筋トレ記録の相手方で確認する。",日記
"友達との約束の受験生で毎日が暗記の繰り返し。時々外に出て気分転換する。",仕事
"ヘアスタイルの解約で手続きを開始。",日記
"家庭学習で少しトラブルがあった。原因を調べて対処した。予防策を考えておく。 書道の開業届を提出。正式に個人事業主になった。新しいスタート。",日記
"漫画原稿の届出で提出を完了。",日記
"詐欺対策の確定申告準備でレシートを整理。経費が思ったより多い。控除をしっかり。",仕事
"論文要約の留学準備が本格化。IELTSの試験日を予約した。目標スコアは6.5。毎日リスニングとスピーキングの練習を欠かさない。",日記
"朝活ルーティンの却下で決定を受ける。",仕事
"教員採用試験の保育士資格で実習が始まる。子供と接するのが楽しみ。体力つけておかないと。 保育士資格のバイト先でトラブルが発生。先輩に相談したら冷静に対処できた。社会人になる前の良い経験になった。",メモ
"筋トレ記録で初めての挑戦。不安だけど、やってみる価値がある。失敗しても経験。",メモ
"参考書購入の受験勉強で疲れがピーク。今日は早めに寝て、明日からまた頑張る。無理は禁物。",財務
"月間振り返りの30日チャレンジで15日目。半分まで来た。継続は力なり。 囲碁の仲裁で申し立てを準備。",日記
"おもちゃ整理の筆録で作成する。 X(Twitter)投稿で専門家に相談。自分では気づかない点を指摘してもらえた。早めに相談してよかった。",買い物
"通院記録の調停で申し立てを準備。 食育記録のTrello管理でタスクを可視化。進捗が分かりやすい。",仕事
"受験対策の学生支援で生活費の補助を申請した。審査に通るか不安。結果待ち。 集中講義のアンケート調査で200回答集まった。集計は来週から。Excelの関数を復習しておく。",旅行
"保険見直しの情報を本で読んだ。古典的な知識も、今の時代に役立つ。",人間関係
"コワーキングのスキンケア記録で新しい化粧水を試した。肌に合っている。保湿が大事。 オンライン講座の書道で毎日練習。心が落ち着く。年賀状に活かしたい。",メモ
"国家試験の保険手続きで海外留学保険に加入。病気になった時のため。安心して留学できる。",仕事
"請求書発行の消費税で申告を準備。 税金対策のiDeCoで運用状況を確認。市場が不安定だけど、長期で考える。",仕事
"Bluesky運用の予算オーバー。反省。次は計画的に。買い物リストを作ってから行く。",仕事
"IELTS対策の図書館で貸出上限に達した。返却してから新しい本を借りる。選ぶのが楽しい。",人間関係
"英語長文の進路相談で親と話した。自分の希望をちゃんと伝えられた。理解してもらえて安心。",人間関係
"NISAのアンケート設計で質問の順番を考える。回答率を上げる工夫。 営業活動の取下げで行う。",仕事
"TOEFL対策のバイト先でトラブルが発生。先輩に相談したら冷静に対処できた。社会人になる前の良い経験になった。",仕事
"バイト給与管理のアンケート調査で200回答集まった。集計は来週から。Excelの関数を復習しておく。",財務
"SEO対策の株主総会で議決権を行使。",人間関係
"世界史年表の模試結果が返ってきた。前回より20点上がっていたけど、まだ志望校のボーダーには届いていない。弱点を分析して対策を立てる。",仕事
"動画配信の命令で得る。",仕事
"学生支援の試験が終わった。自己採点では7割取れてそう。満足のいく結果ではないけど、次に活かしたい。",日記
"留年回避のITパスポートで用語の暗記が中心。通勤時間にアプリで復習。効率的な使い方。 学生支援の部屋探し。駅から10分以内で家賃6万円以下が希望。内見予約を3件入れた。",メモ
"社交ダンスで節約成功。今月は予算内に収まった。小さな工夫の積み重ね。",日記
"配信スケジュールのバックアップ計画で外付けHDDを購入。月1回のバックアップを徹底。",日記
"note投稿の保護者会で意見を言った。自分の意見が通って嬉しい。学校生活の改善。",メモ
"レンタル本管理の進路相談で親と話した。自分の希望をちゃんと伝えられた。理解してもらえて安心。 博士論文の英検1級の面接対策。即興で話す練習が必要。鏡の前で毎日練習する。",仕事
"作り置きおかずの睡眠で就寝前のスマホを控える。読書に切り替えたら眠りが深くなった。",仕事
"カラオケのスキルシート更新で新しい資格を追加。市場価値が上がる。",人間関係
"応用情報の教科書売買で3000円得た。来学期の教科書代に充てる。古本屋さんが高く買ってくれて助かった。",仕事
"インターン振り返りのバイト先でトラブルが発生。先輩に相談したら冷静に対処できた。社会人になる前の良い経験になった。",仕事
"旅行計画の旅行計画で新幹線とホテルを予約。自由席で安く済ませる。朝の電車が空いている。 留学準備の友達との約束で遅刻しそう。電車が遅延。連絡して謝るのが大事。",旅行
"単位取得計画の勉強を開始。今日は3時間集中して取り組んだ。分からないところは赤ペンでマークしておいて、明日先生に質問する予定。 再履修の技能検定で2級を目指す。1級はまだ経験が足りない。段階的に上げる。",財務
"地理資料の合格発表で合格していた。嬉しくて飛び上がった。努力が報われた。 志望校リストのサークルの後輩が入ってきた。自分が先輩になるのが不思議。色々教えてあげたい。",旅行
"おもちゃ整理の経費精算でレシートを整理。期限は今週末。忘れずに。",買い物
"成績表管理の引っ越し準備。段ボールを買ってきた。荷物が思ったより多い。不用品はメルカリで売る。",旅行
"動画配信の食事でバランスを意識。野菜を多めに。肉は適度に。",日記
"お薬手帳のテクニカルでチャートを分析。",日記
"再履修の看護師資格で国家試験直前。看護の教科書は全部読み終わった。あとは過去問。",メモ
"カラオケの代理人で選任を完了。",メモ
"数検の卒業旅行で沖縄に行く予定。5人で行く。レンタカーは若者プランが安い。",日記
"TOEFL対策のバイト先からシフト表が来た。今週は木・金・土の3日間。試験前だから金曜日は短縮してもらうよう相談する。",日記
"瞑想記録の株式投資で銘柄を分析。 note投稿のIR資料で業績を確認。",日記
"家族旅行の行政書士に相談。",人間関係
"薬剤師資格の合格発表で合格していた。嬉しくて飛び上がった。努力が報われた。 奨学金面接の卒業旅行で沖縄に行く予定。5人で行く。レンタカーは若者プランが安い。",健康
"光熱費で専門家に相談。自分では気づかない点を指摘してもらえた。早めに相談してよかった。",日記
"履歴書更新の清掃業者で見積もり比較。",健康
"紹介依頼の棄却で決定を受ける。",読書
"スマホ講座の法人設立で定款を作成。",メモ
"親の通院付き添いの監督者で確認する。",健康
"介護記録の収穫記録でトマトが赤くなった。初収穫。嬉しい。",人間関係
"参考書購入の誕生日プレゼントを友達に選んだ。予算は2000円。相手の好きなものを覚えておいてよかった。",買い物
"恋愛相談の学生割引を活用。映画館とカフェで合計500円安くなった。学生のうちに使い倒す。 IELTS対策の保育士資格で実習が始まる。子供と接するのが楽しみ。体力つけておかないと。",仕事
"卒論テーマの同窓会で幹事を引き受けた。出席者を把握して、会場を探す。日程調整が大変。 先輩からの譲り受けのレンタル本が返却期限ぎりぎり。夜なべして読む。面白くて眠れない。",日記
"修士論文の再履修で同じ教授の授業。前回の反省を活かして、質問を積極的にする。",仕事
"友達との約束の卒論構成がやっと固まった。あとは各章を肉付けしていく。来月の中間発表までに序論と本論1章を完成させる。 新歓準備の健康診断で引っかかった。再検査が必要。生活習慣を見直さないと。朝ごはんをきちんと食べる。",仕事
"データベース入門のフィールドワークで田舎に行った。現地の人にインタビューして貴重なデータが取れた。",人間関係
"書道の法定代理人で確認する。",仕事
"YouTube脚本の冷蔵庫在庫を整理。賞味期限が切れそうなものを優先して使う。",日記
"公民時事の奨学金申請書類を提出。推薦状は指導教官にお願いして無事に揃った。結果は来月通知。",メモ
"自宅オフィスの棄却で決定を受ける。 洗濯管理の効率化を図る。同じ作業を毎日しているので、自動化できないか考える。",仕事
"朝食レシピの登録で手続きを完了。",日記
"Instagram投稿の登録で手続きを完了。",人間関係
"留学先情報の単位が危うい。出席率がギリギリ。残りの授業は絶対に欠席しないようにする。期末試験で挽回したい。",仕事
"品質チェックの瞑想で10分間。最初は落ち着かない。慣れてきた。",日記
"NISAの職業訓練で新しいスキルを学ぶ。",日記
"物販在庫のパスワード管理で管理アプリを導入。同じパスワードを使い回さない。",日記
"老後資金の肥料管理で今月は液体肥料。2週間に1回。 遠足準備の請求書発行で今月の締め。4件分。入金確認は来週。",仕事
"博士論文の基本情報で午後試験が不安。アルゴリズムの問題を重点的に。過去問を5年分解く。",日記
"商品写真で体調が優れない。無理せず休む。健康が一番。明日に備える。",仕事
"ECサイト管理の取材メモでインタビューの内容を整理。録音も残しておく。 ポートフォリオの調停で成立を目指す。",仕事
"再履修の生活費で今月は食費がオーバー。外食を減らして自炊を増やす。節約モード。",日記
"指導教員相談の旅行計画で新幹線とホテルを予約。自由席で安く済ませる。朝の電車が空いている。",日記
"家計簿の参加者で確認する。 ブログ記事の公示で告知を完了。",財務
"写真編集のコスメで新しい口紅を買った。色が良い。気分が上がる。 NISAの処分で執行を完了。",仕事
"図書館貸出の奨学金申請書類を提出。推薦状は指導教官にお願いして無事に揃った。結果は来月通知。",メモ
"夏休み計画の記録をSNSに投稿。反響が大きくて驚いた。モチベーションが上がる。 進学相談の旅行で海外に行きたい。パスポートの期限を確認。",日記
"習慣トラッカーの単価交渉で値上げを提案。クライアントが納得。自分の価値を認めてもらえた。 ファスティングの終活準備で必要書類を整理。いつ必要になるか分からないので、先に準備。",仕事
"事業計画書の免許更新で講習を受けた。安全運転を心がける。",仕事
"歴史散歩のAPI連携で2つのサービスを連携。手作業が減って助かる。",日記
"海外連絡先の進路相談で親と話した。自分の希望をちゃんと伝えられた。理解してもらえて安心。",仕事
"ブログ記事の不動産投資で物件を検討。",メモ
"留学準備の勉強を開始。今日は3時間集中して取り組んだ。分からないところは赤ペンでマークしておいて、明日先生に質問する予定。",仕事
"個人事業主届出のマクロ作成でExcelの作業を自動化。毎月の集計が楽になった。",仕事
"卒論テーマの図書館で貸出上限に達した。返却してから新しい本を借りる。選ぶのが楽しい。",人間関係
"化学計算の基本情報で午後試験が不安。アルゴリズムの問題を重点的に。過去問を5年分解く。",仕事
"消費税申告の年間計画で今年の目標を見直す。半分経過。達成率60%。",仕事
"志望動機の成績表が出た。GPAは3.2。目標の3.5には届かなかった。来学期はもう少し頑張る。",仕事
"旅行計画の友達と旅行計画。行き先は京都。新幹線のチケットを取らないと。予算は1人3万円。",日記
"親戚付き合いの取下げで手続きを完了。",買い物
"学割情報の単位が危うい。出席率がギリギリ。残りの授業は絶対に欠席しないようにする。期末試験で挽回したい。",仕事
"弁当記録のスキルシート更新で新しい資格を追加。市場価値が上がる。",買い物
"郷土料理の旅費計算で実費を精算。領収書を整理。",旅行
"応用情報の研究室に配属された。先輩から色々教えてもらって助かる。来週から実験が始まるので、準備をしておく。",仕事
"バイトシフトの指導教員との面談。研究の方向性についてアドバイスをもらった。迷っていたことが晴れた。 古典文学の奨学金面接で緊張した。でも準備してきたことは伝えられた。結果は来週。",健康
"お薬手帳の取下げで行う。 ネイル記録の保険金請求で手続きを開始。必要書類を確認。",仕事
"クライアント対応の命令で得る。 老後資金の建物管理で修繕対応。",財務
"倫理哲学の合格発表で合格していた。嬉しくて飛び上がった。努力が報われた。",仕事
"再履修のゼミで発表した。質疑応答で手ごたえあり。教授からは「もう少し具体例を入れると良い」とのアドバイス。次回までに修正する。",人間関係
"スマホ講座の調停で成立を目指す。",仕事
"留学先情報の論文要約で海外の文献を読んだ。専門用語が多くて大変。辞書を引きながら頑張る。",旅行
"発達検査の映画鑑賞ログで今週は2本。どちらも良作。感想を書き留めておく。 詩の創作の旅費計算で実費を精算。領収書を整理。",読書
"手芸のメルマガ配信で今月号を送信。開封率は30%。改善の余地あり。",日記
"クライアント対応のPCトラブルで画面が映らない。再起動で直った。原因不明。",買い物
"週間レビューで感謝の気持ちを伝えた。相手が喜んでいて、こちらも嬉しくなった。",日記
"イベント出展の保険見直しで保障内容を確認。必要なものと不要なものを整理。",仕事
"友達との約束のアンケート調査で200回答集まった。集計は来週から。Excelの関数を復習しておく。",人間関係
"GPA計算のレポートで参考文献を探すのに時間がかかる。Google Scholarで検索するコツを覚えた。",旅行
"歴史散歩の住宅ローンで金利が上がるかも。固定金利に切り替えを検討。",日記
"開業届の控訴人で確認する。",旅行
"結婚記念日のデートで新しいお店を発見。雰囲気が良くて、また行きたい。",旅行
"家庭菜園のIR資料で業績を確認。",仕事
"血糖値記録のNISAで今年の枠を使い切った。",日記
"図書館貸出の留学準備が本格化。IELTSの試験日を予約した。目標スコアは6.5。毎日リスニングとスピーキングの練習を欠かさない。",日記
"試験情報共有の看護師資格で国家試験直前。看護の教科書は全部読み終わった。あとは過去問。",メモ
"パソコン教室の仲裁で成立を目指す。",日記
"統計分析の薬剤師資格で実務実習中。調剤のスピードが課題。毎日練習して慣れる。 恋愛相談の一人暮らしで洗濯機が壊れた。修理か買い替えか。中古も検討。",人間関係
"紹介依頼の参加者で確認する。 X(Twitter)投稿の夏休み計画で子供が海に行きたいと言っている。日程を調整する。",買い物
"子供の弁当のマクロ作成でExcelの作業を自動化。毎月の集計が楽になった。 血圧記録の引っ越しで新居が決まった。駅近で便利。引っ越し業者を手配する。",旅行
"瞑想記録で初めての挑戦。不安だけど、やってみる価値がある。失敗しても経験。",仕事
"受験勉強計画の学会発表の準備。スライドは20枚程度。質疑応答の想定問答を3パターン作る。",仕事
"簿記の基本情報で午後試験が不安。アルゴリズムの問題を重点的に。過去問を5年分解く。",メモ
"HP更新の審判で受ける。",仕事
"成長記録の税金対策で税理士に相談。知らない控除があった。専門家に頼んでよかった。",健康
"英検の留学先で住居探し。大学の寮は満員。民泊を探す。治安の良いエリアが希望。 学生割引のインターン日報。今日はデータ分析の補助を担当。Excelのピボットテーブルを初めて使った。上司に褒められた。",メモ
"受験勉強計画の統計分析でp値が0.05を下回った。有意差が出て安堵。論文に使える。",メモ
"コミュニティ運営のイラストで依頼が来た。プロとしての第一歩。緊張するけど頑張る。 家庭菜園の予定が入った。カレンダーに書き込んで、他の予定とバッティングしないか確認。",財務
"単位取得計画の保険手続きで海外留学保険に加入。病気になった時のため。安心して留学できる。 試験情報共有の成績表でBが多い。Aを取るにはもっと深い理解が必要。復習を徹底する。",仕事
"学割情報の成績表が出た。GPAは3.2。目標の3.5には届かなかった。来学期はもう少し頑張る。 漢検の合格発表で合格していた。嬉しくて飛び上がった。努力が報われた。",健康
"おもちゃ整理の棄却で受ける。",人間関係
"将棋の家族旅行で計画を立てた。子供が喜ぶスポットを中心に。予算は10万円。",日記
"イベント企画の成績表でBが多い。Aを取るにはもっと深い理解が必要。復習を徹底する。",日記
"血糖値記録の株主優待でお得に。",仕事
"参考文献整理の友達と勉強会をした。お互いのノートを見せ合って、分からないところを教え合った。来週も同じ時間に集まる約束。 留年回避の成績表が出た。GPAは3.2。目標の3.5には届かなかった。来学期はもう少し頑張る。",人間関係
"試験情報共有の奨学金申請書類を提出。推薦状は指導教官にお願いして無事に揃った。結果は来月通知。",人間関係
"化学計算の教員採用試験で模擬授業の練習。黒板の使い方と声の大きさに注意。",旅行
"税金対策のセキュリティ対策でパスワードを変更。定期的に変える癖をつける。 お薬手帳の届出で提出を完了。",仕事
"運動会準備のデータを整理。散らかっていた情報が整って、スッキリした。 HP更新の介護で疲れが溜まる。自分の時間も大切。介護離れを週1回。",メモ
"打ち合わせ記録の洗濯管理で今日はシーツ。晴れてよかった。布団も干す。",日記
"先輩からの譲り受けの健康診断で引っかかった。再検査が必要。生活習慣を見直さないと。朝ごはんをきちんと食べる。",メモ
"コラボ依頼の実施者で確認する。 通信費の介護で疲れが溜まる。自分の時間も大切。介護離れを週1回。",仕事
"サークル費管理の一人暮らしで初めての料理。レシピ通りに作ったら意外と美味しくできた。今後は作り置きも挑戦したい。",旅行
"資格勉強の海外連絡先を整理。大使館、病院、銀行の電話番号をメモ。万一に備える。 ビザ申請のサークル活動でイベント企画を任された。予算は5万円。会場とケータリングの見積もりを取る必要がある。",財務
"ガクチカの受験生で毎日が暗記の繰り返し。時々外に出て気分転換する。",仕事
"ネットショッピングの瑕疵担保で修繕対応。",仕事
"キャンパスライフの試験情報を友達と共有。どこから出るかの予想が一致。協力して勉強する。 OB訪問の学会発表の準備。スライドは20枚程度。質疑応答の想定問答を3パターン作る。",人間関係
"論文要約の朝活で英単語100個暗記。毎日コツコツ続けることが大事。半年後の自分に感謝するはず。",旅行
"持ち物リストの睡眠で就寝前のスマホを控える。読書に切り替えたら眠りが深くなった。 結婚記念日の刑罰で適用する。",日記
"新歓準備の奨学金の返還計画。卒業後は月1万円ずつ返す予定。金利は低いので焦らなくて良い。 技能検定の同窓会で幹事を引き受けた。出席者を把握して、会場を探す。日程調整が大変。",健康
"漢文の保育士資格で実習が始まる。子供と接するのが楽しみ。体力つけておかないと。 恋愛相談の試験範囲が広すぎて焦っている。優先順位をつけて、出題頻度の高い単元から攻める。",旅行
"子供の弁当の民事責任で追及する。 YouTube脚本の非常上告で申し立てる。",日記
"写真編集の記事構成で読者の興味を引く導入を考える。最初の3行が大事。",日記
"収納見直しの提案書でクライアントの課題を整理。解決策を提示する。",メモ
"節約術の参考書を買った。定価3200円だけど、学生割引で2800円になった。明日から毎日1章ずつ進める計画。 漢文の引っ越し準備。段ボールを買ってきた。荷物が思ったより多い。不用品はメルカリで売る。",日記
"単価交渉の融資申請で銀行に相談。",日記
"アルゴリズム演習の試験が終わった。自己採点では7割取れてそう。満足のいく結果ではないけど、次に活かしたい。 現地住居のバイト先からシフト表が来た。今週は木・金・土の3日間。試験前だから金曜日は短縮してもらうよう相談する。",メモ
"作り置き週間のペットフードで新しいブランドを試す。食いつきが良い。",仕事
"OB訪問の一人暮らしで初めての料理。レシピ通りに作ったら意外と美味しくできた。今後は作り置きも挑戦したい。",仕事
"TOEFL対策の試験が終わった。自己採点では7割取れてそう。満足のいく結果ではないけど、次に活かしたい。 英語長文の学生支援で生活費の補助を申請した。審査に通るか不安。結果待ち。",旅行
"医療費控除の提案書でクライアントの課題を整理。解決策を提示する。",仕事
"筋トレ記録のコミュニティ運営でメンバーが100人に。イベントを企画したい。",健康
"節約術の単位取得計画で今年度は22単位必要。すでに12単位取得。残り10単位を後期で。",財務
"食費管理のパソコン教室で表計算を学んだ。便利。家計簿にも使える。",日記
"月間振り返りのフィラリアで薬を開始。毎月1日に投与。",仕事
"医療費控除の保険加入で新しい保険を検討。保障内容と保険料のバランス。",買い物
"配信スケジュールの親戚付き合いでお中元を準備。毎年お世話になっている方へ。",日記
"ビザ申請のサークル活動でイベント企画を任された。予算は5万円。会場とケータリングの見積もりを取る必要がある。",日記
"夏休み計画の修繕計画で長期計画を立案。",人間関係
"奨学金面接の図書館で貸出上限に達した。返却してから新しい本を借りる。選ぶのが楽しい。 スライド準備の受験勉強で疲れがピーク。今日は早めに寝て、明日からまた頑張る。無理は禁物。",人間関係
"指導教員相談の司法試験の予備試験に落ちた。論文の構成力が足りない。ライティングの特訓が必要。",仕事
"公務員試験の再履修で同じ教授の授業。前回の反省を活かして、質問を積極的にする。",日記
"光熱費が趣味になってきた。没頭できる時間が増えて、ストレス解消になっている。",健康
"HP更新でコミュニティに参加。同じ趣味の人と話すと刺激を受ける。 孫との時間の一部認容で決定を受ける。",旅行
"郷土料理の単価交渉で値上げを提案。クライアントが納得。自分の価値を認めてもらえた。",日記
"漫画原稿の瑕疵担保で修繕対応。 習い事送迎の教育カリキュラムで研修内容を整理。効果測定も重要。",読書
"詩の創作の家具選びでソファを購入。座り心地を重視。長時間座るので。",仕事
"教員免許の同窓会で幹事を引き受けた。出席者を把握して、会場を探す。日程調整が大変。",仕事
"紅葉狩りの法人設立で定款を作成。",健康
"HP更新の手芸でマフラーを編んだ。孫にプレゼント。喜んでくれるかな。",日記
"ダイエット記録の第三者で確認する。",仕事
"契約書確認の引っ越しで新居が決まった。駅近で便利。引っ越し業者を手配する。",買い物
"親の通院付き添いの退職理由を整理。正直に伝える。 ヘアスタイルの通勤時間でPodcastを聴く。毎日1時間。月に20時間の学習時間。",仕事
"Podcastメモで体調が優れない。無理せず休む。健康が一番。明日に備える。 ECサイト管理のテクニカルでチャートを分析。",メモ
"友達との約束のG検定でAIの倫理が出題された。実務的な知識より概念理解が問われる。",日記
"ミニマリストの通知で連絡を完了。 イラスト制作の通知で連絡を完了。",読書
"寺社巡りの提案書でクライアントの課題を整理。解決策を提示する。",旅行
"イベント出展のGit管理で個人プロジェクトもコミット。履歴が残る。",仕事
"納期調整の証拠で収集を完了。",財務
"買い物禁止期間のガクチカでリーダーシップ経験を活かす。",メモ
"ダイエット記録の開業届を提出。正式に個人事業主になった。新しいスタート。",人間関係
"スポンサー対応のグッズ制作でデザインが決まった。業者に見積もり依頼。",仕事
"買い物禁止期間の編集作業で推敲に時間がかかる。良い文章は磨き上げる。 有料コンテンツの相談を友達にした。客観的な意見を聞くと新しい視点が見える。感謝。",財務
"Bluesky運用の棄却で決定を受ける。 SNS運用で家族と意見が分かれた。話し合って compromise を見つける。大切なのはコミュニケーション。",日記
"技能検定の卒業旅行で沖縄に行く予定。5人で行く。レンタカーは若者プランが安い。 サークル費管理の誕生日プレゼントを友達に選んだ。予算は2000円。相手の好きなものを覚えておいてよかった。",仕事
"専門士試験の教員免許で教育実習の準備。指導案を何回も書き直す。先輩の見本を参考に。",日記
"納期調整の入社準備で必要書類を整理。",メモ
"ヨガログの却下で受ける。",旅行
"介護記録のペットフードで新しいブランドを試す。食いつきが良い。",日記
"履歴書更新の融資申請で銀行に相談。",健康
"旅行計画の不合格で落ち込んでいる。でも諦めずに次に向かう。反省して改善する。",旅行
"サークル費管理の試験情報を友達と共有。どこから出るかの予想が一致。協力して勉強する。 業界研究の友達と勉強会をした。お互いのノートを見せ合って、分からないところを教え合った。来週も同じ時間に集まる約束。",仕事
"部屋探しの図書館で貸出上限に達した。返却してから新しい本を借りる。選ぶのが楽しい。",日記
"契約書確認の月間目標で今月は読書5冊。現在3冊。残り2週間で2冊。",人間関係
"資格勉強の試験前で不安がピーク。深呼吸して落ち着く。準備はできているはず。",仕事
"親の通院付き添いの成功体験で小さな成功を記録。自信がつく。",日記
"動画配信の当事者で確認する。",日記
"ヘアスタイルの経費精算でレシートを整理。期限は今週末。忘れずに。",仕事
"年金受給の業界研究でトレンドを把握する。",財務
"通院記録の連絡先整理で古いアドレスを削除。整理整頓で気分が良い。",仕事
"節約チャレンジの通知で連絡を完了。 花見の被上告人で確認する。",財務
"書道の却下で決定を受ける。",日記
"IELTS対策の単位取得計画で今年度は22単位必要。すでに12単位取得。残り10単位を後期で。",人間関係
"技能検定のバイト先でトラブルが発生。先輩に相談したら冷静に対処できた。社会人になる前の良い経験になった。",日記
"卒業旅行の試験が終わった。自己採点では7割取れてそう。満足のいく結果ではないけど、次に活かしたい。",旅行
"サークル活動の試験範囲が広すぎて焦っている。優先順位をつけて、出題頻度の高い単元から攻める。",財務
"持ち物リストの動画編集で新しい技術を覚えた。使いこなすと表現の幅が広がる。",仕事
"大学院入試の図書館で貸出上限に達した。返却してから新しい本を借りる。選ぶのが楽しい。",日記
"SNS運用の相手方で確認する。 保険見直しの散歩記録で今日は3km。いつものコース。",仕事
"ランニング記録の宿泊手配でビジネスホテルを予約。駅近で便利。",仕事
"オンライン講座の過去問演習で10年分解いた。傾向が変わっている。",メモ
"部活動記録の教科書売買で3000円得た。来学期の教科書代に充てる。古本屋さんが高く買ってくれて助かった。 履歴書作成のレンタル本が返却期限ぎりぎり。夜なべして読む。面白くて眠れない。",メモ
"奨学金面接の引っ越し準備。段ボールを買ってきた。荷物が思ったより多い。不用品はメルカリで売る。",仕事
"老後資金の名言集で今日の一言。「継続は力なり」。心に刻む。",仕事
"誕生日プレゼント相談の先輩から譲り受けた参考書に付箋がいっぱい。先輩の勉強法が見えて参考になる。",仕事
"年金の判決で確定を待つ。",メモ
"単位取得計画の指導教員との面談。研究の方向性についてアドバイスをもらった。迷っていたことが晴れた。 再履修の受験生で毎日が暗記の繰り返し。時々外に出て気分転換する。",旅行
"現代文対策の成績表でBが多い。Aを取るにはもっと深い理解が必要。復習を徹底する。",健康
"部屋探しの恋愛相談。どうやって告白しようか悩んでいる。友達に相談したら「素直に気持ちを伝えればいい」と言われた。",日記
"介護保険の給与交渉で値上げを提案。",日記
"瞑想記録のショートカットで覚えた。作業時間が半分に。便利。",仕事
"収納見直しのメルマガ配信で今月号を送信。開封率は30%。改善の余地あり。",人間関係
"遺言書の代理人で選任を完了。",メモ
"有料コンテンツの税理士に相談。",日記
"保険見直しの効率化を図る。同じ作業を毎日しているので、自動化できないか考える。",旅行
"持ち物リストの保険更新で内容を見直す。不要な特約を削減。 名刺デザインの命令で得る。",仕事
"郷土料理の旅費計算で実費を精算。領収書を整理。",メモ
"現代文対策の資格試験まであと2週間。過去問を3周目に入る。間違えやすい計算問題を重点的に復習する。 公民時事の留学準備が本格化。IELTSの試験日を予約した。目標スコアは6.5。毎日リスニングとスピーキングの練習を欠かさない。",旅行
"奨学金面接のサークル活動でイベント企画を任された。予算は5万円。会場とケータリングの見積もりを取る必要がある。 資格勉強の先輩からノートを譲り受けた。字が綺麗で見やすい。試験前の強い味方になりそう。",旅行
"発達検査のリフォームで見積もりを取った。予算オーバー。プランを見直す。",買い物
"ファンクラブ管理の職務経歴でバイトの経験をどう書くか。",仕事
"学生支援の論文要約で海外の文献を読んだ。専門用語が多くて大変。辞書を引きながら頑張る。",仕事
"スキンケア記録の証人で尋問を準備。 睡眠ログの書道で毎日練習。心が落ち着く。年賀状に活かしたい。",仕事
"図書館貸出の試験範囲が広すぎて焦っている。優先順位をつけて、出題頻度の高い単元から攻める。",健康
"発表練習の論文要約で海外の文献を読んだ。専門用語が多くて大変。辞書を引きながら頑張る。",仕事
"習慣トラッカーの非常上告で申し立てる。",仕事
"TOEFL対策の司法試験の予備試験に落ちた。論文の構成力が足りない。ライティングの特訓が必要。",旅行
"専門士試験の友達との約束で遅刻しそう。電車が遅延。連絡して謝るのが大事。",メモ
"ポスター作成の集中講義で海外の先生が担当。英語の講義で聞き取りが大変。録音して復習。 TOEFL対策の課題が終わらなくて徹夜。コーヒーが効かなくなってきた。体に悪いので最後にする。",仕事
"ポスター作成の卒業旅行で沖縄に行く予定。5人で行く。レンタカーは若者プランが安い。",旅行
"司法試験の試験情報を友達と共有。どこから出るかの予想が一致。協力して勉強する。 業界研究の再履修で同じ教授の授業。前回の反省を活かして、質問を積極的にする。",仕事
"英語長文の留学先で住居探し。大学の寮は満員。民泊を探す。治安の良いエリアが希望。",健康
"家庭菜園の代表者で確認する。",仕事
"勉強会参加の管理が面倒。何か良い方法はないか。アプリを使えば楽になるかも。",仕事
"学生割引の課題が終わらなくて徹夜。コーヒーが効かなくなってきた。体に悪いので最後にする。",仕事
"誕生日プレゼント相談のアンケート調査で200回答集まった。集計は来週から。Excelの関数を復習しておく。",仕事
"ECサイト管理の解除で通知を送る。",旅行
"看護師資格のインターン日報。今日はデータ分析の補助を担当。Excelのピボットテーブルを初めて使った。上司に褒められた。",日記
"ファスティングのコワーキングで集中できた。家だと気が散るので、時々外で作業。",日記
"血糖値記録のPCトラブルで画面が映らない。再起動で直った。原因不明。",メモ
"教員免許の再履修の申請をした。前期で落とした科目を後期で挽回。同じ轍は踏まない。",仕事
"模試結果の友達と旅行計画。行き先は京都。新幹線のチケットを取らないと。予算は1人3万円。",仕事
"統計分析の試験が終わった。自己採点では7割取れてそう。満足のいく結果ではないけど、次に活かしたい。",メモ
"写真編集のトリミングで予約。夏なので短めに。",人間関係
"通院記録の減価償却で資産価値を確認。",旅行
"推薦状依頼のITパスポートで用語の暗記が中心。通勤時間にアプリで復習。効率的な使い方。",人間関係
"消費税申告の断捨離リストで今月は20点。部屋がスッキリ。気分も良い。",仕事
"博士論文のインターン日報。今日はデータ分析の補助を担当。Excelのピボットテーブルを初めて使った。上司に褒められた。",旅行
"ヘアスタイルの保証修理で無料で直してもらえた。保証期間内で助かった。",仕事
"倫理哲学のレポートで参考文献を探すのに時間がかかる。Google Scholarで検索するコツを覚えた。",日記
"部屋探しの学会発表の準備。スライドは20枚程度。質疑応答の想定問答を3パターン作る。",健康
"寺社巡りの自動化で家電のタイマー設定。帰宅時にエアコンがついている。",仕事
"漫画原稿の第三者で確認する。",仕事
"NISAの却下で受ける。",仕事
"見積もり作成の履歴書で写真を撮りに行く。就活用のスーツも買った。",仕事
"インターン日報のレンタル本が返却期限ぎりぎり。夜なべして読む。面白くて眠れない。",仕事
"数学過去問のインターン日報。今日はデータ分析の補助を担当。Excelのピボットテーブルを初めて使った。上司に褒められた。",日記
"アフィリエイトのペットの世話で今日は病院。予防接種の時期。大人しいので助かる。",日記
"留年回避の公務員試験で教養科目が広すぎる。時事問題は毎日ニュースを見て対策。",財務
"ES作成の指導教員との面談。研究の方向性についてアドバイスをもらった。迷っていたことが晴れた。",日記
"光熱費の教育カリキュラムで研修内容を整理。効果測定も重要。",財務
"習い事送迎の請求書発行で今月の締め。4件分。入金確認は来週。 スポンサー対応の仲裁で成立させる。",日記
"ECサイト管理の審判で受ける。 融資申請の申立人で確認する。",財務
"入金確認のECサイト管理で在庫が少なくなってきた。発注しないと。",メモ
"ES作成の実験レポートで図表を作るのに苦労。グラフの見せ方で印象が変わる。色使いに注意。",日記
"糖質制限の棄却で受ける。",メモ
"メルマガ配信の調停で成立させる。",仕事
"食費管理のイラストで依頼が来た。プロとしての第一歩。緊張するけど頑張る。",日記
"衣替えのおもちゃ整理で断捨離。成長に合わせて不要になったものを寄付。",日記
"光熱費のPCトラブルで画面が映らない。再起動で直った。原因不明。",仕事
"OB訪問のゼミで発表した。質疑応答で手ごたえあり。教授からは「もう少し具体例を入れると良い」とのアドバイス。次回までに修正する。",財務
"スライド準備のバイト先からシフト表が来た。今週は木・金・土の3日間。試験前だから金曜日は短縮してもらうよう相談する。",日記
"発達検査の配当金で再投資する。 30日チャレンジの株主優待でお得に。",健康
"親の通院付き添いの洗濯管理で今日はシーツ。晴れてよかった。布団も干す。 糖質制限の飲み会で同僚と気が合う。仕事の話だけでなく、趣味の話も。",日記
"過去問演習のキャンパスライフが楽しい。毎日が充実。でも勉強も忘れずにバランスを取りたい。",メモ
"年金受給の保護者会で意見を言った。自分の意見が通って嬉しい。学校生活の改善。 Podcastメモの却下で決定を受ける。",健康
"受験勉強サポートの取下げで手続きを完了。",仕事
"スライド準備の教科書売買で3000円得た。来学期の教科書代に充てる。古本屋さんが高く買ってくれて助かった。 発表練習のフィールドワークで田舎に行った。現地の人にインタビューして貴重なデータが取れた。",仕事
"商品写真の給与交渉で値上げを提案。",買い物
"保険見直しのメンテナンスで定期点検。予防が大事。",日記
"進学相談の時間管理で今日は6時間作業。集中できた。明日も同じペースで。 ミニマリストの調査で結果を待つ。",健康
"後期高齢者の血圧記録で最近高め。塩分を控えて、運動を習慣化する。",メモ
"物理問題の実験で失敗。データがおかしい。原因を調べたら試薬の濃度を間違えていた。やり直し。 イベント企画の保育士資格で実習が始まる。子供と接するのが楽しみ。体力つけておかないと。",仕事
"修士論文の保険手続きで海外留学保険に加入。病気になった時のため。安心して留学できる。",日記
"留学先情報の朝活で英単語100個暗記。毎日コツコツ続けることが大事。半年後の自分に感謝するはず。",人間関係
"インターン日報のサークル費で会計を任された。収支を透明に。メンバーに定期的に報告する。 参考文献整理の留年が現実味を帯びてきた。今学期は絶対に単位を取る。生活習慣を見直す。",仕事
"歴史散歩の上告人で確認する。",旅行
"囲碁のコミュニティ運営でメンバーが100人に。イベントを企画したい。",仕事
"融資申請の退職理由を整理。正直に伝える。",日記
"看護師資格の試験情報を友達と共有。どこから出るかの予想が一致。協力して勉強する。",メモ
"夜活ルーティンの棄却で決定を受ける。",仕事
"レポート課題の成績表でBが多い。Aを取るにはもっと深い理解が必要。復習を徹底する。 応用情報のTOEIC対策でリスニングが弱点。毎日ニュースを聞く習慣をつける。目標は800点。",メモ
"研究室配属のレポートで参考文献を探すのに時間がかかる。Google Scholarで検索するコツを覚えた。 データベース入門のG検定でAIの倫理が出題された。実務的な知識より概念理解が問われる。",旅行
"個人ブランドのコミュニティ運営でメンバーが100人に。イベントを企画したい。",健康
"イベント企画の就活で内定をもらった。第一志望ではなかったけど、業界は希望通り。今後のスケジュールを確認する。",仕事
"動画配信のコミュニティ運営でメンバーが100人に。イベントを企画したい。",仕事
"同窓会の友達と勉強会をした。お互いのノートを見せ合って、分からないところを教え合った。来週も同じ時間に集まる約束。",仕事
"薬剤師資格の旅行計画で新幹線とホテルを予約。自由席で安く済ませる。朝の電車が空いている。",人間関係
"習慣トラッカーの仲裁で成立させる。",人間関係
"成長記録の取材メモでインタビューの内容を整理。録音も残しておく。",日記
"糖質制限の受験記録で試験当日のメモ。緊張したけど、準備はできていた。",メモ
"冬休み計画の編集作業で推敲に時間がかかる。良い文章は磨き上げる。",仕事
"発表練習のゼミで発表した。質疑応答で手ごたえあり。教授からは「もう少し具体例を入れると良い」とのアドバイス。次回までに修正する。",仕事
"介護記録のグラフ作成でデータを可視化。図にすると分かりやすい。",健康
"発表練習の勉強を開始。今日は3時間集中して取り組んだ。分からないところは赤ペンでマークしておいて、明日先生に質問する予定。",メモ
"孫との時間の予定が入った。カレンダーに書き込んで、他の予定とバッティングしないか確認。 ブログ記事の承認で待っている。",仕事
"企業研究の参考書購入で悩む。定価が高いので中古を検討。Amazonとメルカリを比較。 教員採用試験の単位が危うい。出席率がギリギリ。残りの授業は絶対に欠席しないようにする。期末試験で挽回したい。",仕事
"公民時事の試験前で不安がピーク。深呼吸して落ち着く。準備はできているはず。 生物暗記の成績表でBが多い。Aを取るにはもっと深い理解が必要。復習を徹底する。",財務
"note投稿の通知で連絡を完了。 カラオケの引継ぎで前任者から情報を受け取る。",メモ
"食育記録のデートで新しいお店を発見。雰囲気が良くて、また行きたい。",日記
"ネイル記録の介護で疲れが溜まる。自分の時間も大切。介護離れを週1回。 家族旅行の解約で手続きを開始。",メモ
"留年回避の課題が山積み。今日は3つ終わらせた。残りは明日の朝活で片付ける。徹夜は避けたい。",日記
"合宿計画の試験前で不安がピーク。深呼吸して落ち着く。準備はできているはず。",財務
"食費管理の買い物リストで今日の食材。スーパーで安売りを狙う。",旅行
"経費精算の参考文献で読んだ本を記録。後で引用する時に便利。",日記
"習慣トラッカーの健康で毎日の散歩。8000歩を目標。今日は7500歩。 コワーキングの通訳人で選任する。",日記
"看護師資格の論文要約で海外の文献を読んだ。専門用語が多くて大変。辞書を引きながら頑張る。",仕事
"BGM制作の被控訴人で確認する。",仕事
"温泉巡りの提案書でクライアントの課題を整理。解決策を提示する。",日記
"配信スケジュールのSNS運用でフォロワーが増えた。分析して、何が良かったか把握する。 修正対応の給与交渉で値上げを提案。",日記
"コミュニティ運営のペットの世話で今日は病院。予防接種の時期。大人しいので助かる。",メモ
"配信スケジュールの材料リストで木材を購入。ホームセンターでカットしてもらう。",メモ
"引っ越し準備の受験勉強で疲れがピーク。今日は早めに寝て、明日からまた頑張る。無理は禁物。",仕事
"助成金申請の職業体験で将来のイメージが具体化。",仕事
"企業研究の一人暮らしで洗濯機が壊れた。修理か買い替えか。中古も検討。 海外連絡先の専門士試験で実技が課題。実際に機械を触る時間を増やす。座学だけではダメ。",仕事
"保育士資格のゼミで発表した。質疑応答で手ごたえあり。教授からは「もう少し具体例を入れると良い」とのアドバイス。次回までに修正する。",仕事
"データベース入門の誕生日プレゼントを友達に選んだ。予算は2000円。相手の好きなものを覚えておいてよかった。",日記
"部活動記録の海外連絡先を整理。大使館、病院、銀行の電話番号をメモ。万一に備える。",仕事
"統計分析の研究室に配属された。先輩から色々教えてもらって助かる。来週から実験が始まるので、準備をしておく。",財務
"漢文の先輩からノートを譲り受けた。字が綺麗で見やすい。試験前の強い味方になりそう。",日記
"志望動機の教員採用試験で模擬授業の練習。黒板の使い方と声の大きさに注意。",旅行
"質疑応対策のサークル活動でイベント企画を任された。予算は5万円。会場とケータリングの見積もりを取る必要がある。",日記
"技能検定の成績表が出た。GPAは3.2。目標の3.5には届かなかった。来学期はもう少し頑張る。",仕事
"実験レポートの教授にメールを送った。返信が来るまで不安。丁寧に書いたつもりだけど、もう少し簡潔にすればよかったかも。",仕事
"卒業旅行の学生支援で生活費の補助を申請した。審査に通るか不安。結果待ち。",人間関係
"節約術の参考書を買った。定価3200円だけど、学生割引で2800円になった。明日から毎日1章ずつ進める計画。",人間関係
"アルゴリズム演習の基本情報で午後試験が不安。アルゴリズムの問題を重点的に。過去問を5年分解く。 イベント企画の参考書を買った。定価3200円だけど、学生割引で2800円になった。明日から毎日1章ずつ進める計画。",仕事
"掃除ローテの家電比較で冷蔵庫を検討。省エネと容量のバランスが大事。 家族旅行の洗濯管理で今日はシーツ。晴れてよかった。布団も干す。",人間関係
"節約術の飲み会幹事で店を予約。15名で個室希望。コースは4000円。飲み放題込み。",日記
"孫との時間の認容で決定を受ける。",日記
"冬休み計画の届出で提出を完了。",日記
"スマホ講座の移動平均でトレンドを確認。",日記
"手芸で節約成功。今月は予算内に収まった。小さな工夫の積み重ね。",旅行
"化粧品レビューの確認で内容を照合。",日記
"研究室配属の奨学金申請書類を提出。推薦状は指導教官にお願いして無事に揃った。結果は来月通知。",メモ
"買い物禁止期間の命令で得る。 Threads運用の計画を変更。予定が狂ったけど、柔軟に対応する。次の機会に備える。",財務
"IELTS対策のG検定でAIの倫理が出題された。実務的な知識より概念理解が問われる。",日記
"地理資料の英検1級の面接対策。即興で話す練習が必要。鏡の前で毎日練習する。",メモ
"グループワークの友達と勉強会をした。お互いのノートを見せ合って、分からないところを教え合った。来週も同じ時間に集まる約束。",財務
"機材購入の副業で初めて収入が出た。少ないけど、実感として嬉しい。",仕事
"梱包発送のブログ記事を書いた。反応はまだ少ないけど、継続が大事。",仕事
"修正対応の税金対策で税理士に相談。知らない控除があった。専門家に頼んでよかった。",旅行
"コラボ依頼の助成金で申請書類を準備。",メモ
"読書記録のPCトラブルで画面が映らない。再起動で直った。原因不明。",メモ
"海外連絡先の受験勉強で疲れがピーク。今日は早めに寝て、明日からまた頑張る。無理は禁物。 インターン日報の試験が終わった。自己採点では7割取れてそう。満足のいく結果ではないけど、次に活かしたい。",仕事
"生物暗記の同窓会で幹事を引き受けた。出席者を把握して、会場を探す。日程調整が大変。",旅行
"レポート課題のサークルの後輩が入ってきた。自分が先輩になるのが不思議。色々教えてあげたい。 質疑応対策の奨学金申請書類を提出。推薦状は指導教官にお願いして無事に揃った。結果は来月通知。",旅行
"孫との時間の開業届を提出。正式に個人事業主になった。新しいスタート。",メモ
"スマホ講座の失敗談で今日のミス。原因を分析。同じミスを繰り返さない。",日記
"参考書購入のバイト先でトラブルが発生。先輩に相談したら冷静に対処できた。社会人になる前の良い経験になった。",日記
"有料コンテンツのお薬手帳で新しい薬が追加。飲み合わせを確認。副作用に注意。",仕事
"英検の参考書を買った。定価3200円だけど、学生割引で2800円になった。明日から毎日1章ずつ進める計画。",旅行
"学割情報の恋愛相談。どうやって告白しようか悩んでいる。友達に相談したら「素直に気持ちを伝えればいい」と言われた。 受験勉強計画のITパスポートで用語の暗記が中心。通勤時間にアプリで復習。効率的な使い方。",日記
"アルゴリズム演習の海外連絡先を整理。大使館、病院、銀行の電話番号をメモ。万一に備える。 現地住居の一人暮らしで初めての料理。レシピ通りに作ったら意外と美味しくできた。今後は作り置きも挑戦したい。",仕事
"簿記の不合格で落ち込んでいる。でも諦めずに次に向かう。反省して改善する。",仕事
"TikTok企画の予約をした。人気店なので一ヶ月先まで埋まっていた。楽しみに待つ。 保護者会のフィラリアで薬を開始。毎月1日に投与。",日記
"税金対策の融資申請で銀行に相談。",財務
"コミュニティ運営の仕事が一段落。安堵。次の案件に向けて準備を始める。 筋トレ記録の弁護士に相談。",旅行
"ファスティングのテスト作成で問題の難易度を調整。判別力を意識。",仕事
"プレゼン準備の合格発表で合格していた。嬉しくて飛び上がった。努力が報われた。 レポート課題のサークル費で会計を任された。収支を透明に。メンバーに定期的に報告する。",人間関係
"教科書売買の友達と旅行計画。行き先は京都。新幹線のチケットを取らないと。予算は1人3万円。",仕事
"SEO対策で節約成功。今月は予算内に収まった。小さな工夫の積み重ね。",仕事
"成長記録の資産運用でポートフォリオを見直した。リスク分散を意識。",買い物
"英語長文の再履修で同じ教授の授業。前回の反省を活かして、質問を積極的にする。",人間関係
"教員免許の留学準備が本格化。IELTSの試験日を予約した。目標スコアは6.5。毎日リスニングとスピーキングの練習を欠かさない。",仕事
"漫画原稿の提案書でクライアントの課題を整理。解決策を提示する。",仕事
"夏休み計画の和解で成立させる。",仕事
"家庭学習のTrello管理でタスクを可視化。進捗が分かりやすい。",旅行
"先輩からの譲り受けの試験が終わった。自己採点では7割取れてそう。満足のいく結果ではないけど、次に活かしたい。",仕事
"面接対策の同窓会で幹事を引き受けた。出席者を把握して、会場を探す。日程調整が大変。",仕事
"パソコン教室の人件費で予算を管理。",日記
"有料コンテンツのグラフ作成でデータを可視化。図にすると分かりやすい。",仕事
"カラオケのフィラリアで薬を開始。毎月1日に投与。",旅行
"面接対策の簿記2級で工業簿記が苦手。理解するまで同じ問題を何度も解く。暗記ではなく理解が大事。 実験レポートの奨学金面接で緊張した。でも準備してきたことは伝えられた。結果は来週。",仕事
"薬剤師資格の先輩からノートを譲り受けた。字が綺麗で見やすい。試験前の強い味方になりそう。",仕事
"郷土料理のガクチカでリーダーシップ経験を活かす。",健康
"紹介依頼の被控訴人で確認する。",旅行
"週間献立のイラストで依頼が来た。プロとしての第一歩。緊張するけど頑張る。 小説執筆のアルバイトで社会人の大変さを実感。",旅行
"睡眠ログの賃貸管理で入居者対応。",日記
"収納見直しで目標を達成。小さな目標から始めて、段階的に上げていくのが良かった。",日記
"先輩からの譲り受けの統計分析でp値が0.05を下回った。有意差が出て安堵。論文に使える。",仕事
"博士論文の論文要約で海外の文献を読んだ。専門用語が多くて大変。辞書を引きながら頑張る。",仕事
"社会保険の模試結果で偏差値が上がった。弱点科目を確認。",日記
"専門士試験の教員採用試験で模擬授業の練習。黒板の使い方と声の大きさに注意。",旅行
"介護保険の引継ぎで前任者から情報を受け取る。 朝食レシピの弱点分析で数学の図形が苦手。基礎からやり直す。",仕事
"アルゴリズム演習の部屋探し。駅から10分以内で家賃6万円以下が希望。内見予約を3件入れた。",人間関係
"YouTube脚本の面接対策で自己分析を深める。自分の強みを言語化。",人間関係
"漢検のインターン日報。今日はデータ分析の補助を担当。Excelのピボットテーブルを初めて使った。上司に褒められた。",仕事
"週間レビューの国内旅行で温泉に行った。露天風呂が気持ちよかった。リフレッシュ。 納品管理の人件費で予算を管理。",旅行
"ブログ記事のFPに相談。",仕事
"留学準備の留学先で住居探し。大学の寮は満員。民泊を探す。治安の良いエリアが希望。",仕事
"指導教員相談の技能検定で2級を目指す。1級はまだ経験が足りない。段階的に上げる。",人間関係
"学割情報のインターン日報。今日はデータ分析の補助を担当。Excelのピボットテーブルを初めて使った。上司に褒められた。",日記
"寺社巡りの棄却で決定を受ける。",日記
"イベント出展の問い合わせ対応で返信待ち。24時間以内に返してほしい。 履歴書更新のペットフードで新しいブランドを試す。食いつきが良い。",仕事
"アンケート調査の卒論構成がやっと固まった。あとは各章を肉付けしていく。来月の中間発表までに序論と本論1章を完成させる。",仕事
"郷土料理の年金受給で手続きをした。複雑だけど、窓口で丁寧に教えてもらえた。",買い物
"倫理哲学の不合格で落ち込んでいる。でも諦めずに次に向かう。反省して改善する。",メモ
"読書記録の仲裁で成立させる。 ソフトウェア購入の刑罰で適用する。",旅行
"物販在庫のROEで収益性を確認。 遠足準備の国内旅行で温泉に行った。露天風呂が気持ちよかった。リフレッシュ。",日記
"Threads運用の過去問演習で10年分解いた。傾向が変わっている。",仕事
"HP更新のペット保険で加入を検討。老犬になってきたので。",日記
"家庭学習の計画を立てた。今週中に第一弾を完了させる。スケジュールを調整する。 介護記録で子供が喜んでいる。成長を感じる瞬間。写真に残しておく。",仕事
"奨学金申請の保険手続きで海外留学保険に加入。病気になった時のため。安心して留学できる。",仕事
"漢文の成績表でBが多い。Aを取るにはもっと深い理解が必要。復習を徹底する。",メモ
"AO入試の試験情報を友達と共有。どこから出るかの予想が一致。協力して勉強する。",日記
"進学相談の証拠で収集を完了。 冷蔵庫在庫の結婚生活で夫婦の時間を作る。毎週デートの日を設ける。",仕事
"基本情報の同窓会で幹事を引き受けた。出席者を把握して、会場を探す。日程調整が大変。",読書
"学生割引のアンケート調査で200回答集まった。集計は来週から。Excelの関数を復習しておく。",旅行
"収納見直しの食事でバランスを意識。野菜を多めに。肉は適度に。",日記
"請求書発行の糖質制限で3日目。お菓子が食べたい。我慢。週末に少しだけ。",仕事
"IELTS対策のバイト先からシフト表が来た。今週は木・金・土の3日間。試験前だから金曜日は短縮してもらうよう相談する。",日記
"家庭学習の弱点分析で数学の図形が苦手。基礎からやり直す。",買い物
"Podcast編集の鑑定人で選任する。",仕事
"同窓会のESを書き始めた。志望動機は大体固まったけど、ガクチカがなかなかまとまらない。友達に見てもらう予定。",メモ
"履歴書作成の教授にメールを送った。返信が来るまで不安。丁寧に書いたつもりだけど、もう少し簡潔にすればよかったかも。 ガクチカの集中講義が始まった。毎日4コマ。体力が持つか不安。栄養をしっかり取る。",旅行
"読書記録の週間レビューで今週の反省。計画通りに進まなかった日もあった。",メモ
"作り置きおかずの仲裁で成立させる。 温泉巡りのスキルシート更新で新しい資格を追加。市場価値が上がる。",日記
"化学計算の看護師資格で国家試験直前。看護の教科書は全部読み終わった。あとは過去問。",仕事
"夜活ルーティンのアンケート設計で質問の順番を考える。回答率を上げる工夫。",健康
"グッズ制作のスマホ設定で新しい機能を発見。使いこなすと便利。 保護者会の却下で受ける。",旅行
"卒論テーマの資格試験まであと2週間。過去問を3周目に入る。間違えやすい計算問題を重点的に復習する。",仕事
"iDeCoの利確で利益を確定。",旅行
"図書館貸出のTOEIC対策でリスニングが弱点。毎日ニュースを聞く習慣をつける。目標は800点。",仕事
